case_id;cnpj_sintetico;razao_social_sintetica;regiao_administrativa;endereco_declarado;endereco_referencia;status_declarado;status_referencia;valor_declarado;valor_referencia;tipo_cenario;evidencia_status;evidencia_endereco;evidencia_valor;severidade;ground_truth_inconsistencia
CASE-0001;SYN-CNPJ-000001;Empresa Sintética 0001;Plano Piloto;Setor Sintético Divergente, Q02, L002, Plano Piloto, DF;Setor Sintético B, Q02, L002, Plano Piloto, DF;ATIVA;ATIVA;6499.85;6499.85;territorial;0;1;0;media;1
CASE-0002;SYN-CNPJ-000002;Empresa Sintética 0002;Taguatinga;Setor Sintético C, Q03, L003, Taguatinga, DF;Setor Sintético C, Q03, L003, Taguatinga, DF;ATIVA;ATIVA;14967.07;14967.07;consistente;0;0;0;nenhuma;0
CASE-0003;SYN-CNPJ-000003;Empresa Sintética 0003;Taguatinga;Setor Sintético D, Q04, L004, Taguatinga, DF;Setor Sintético D, Q04, L004, Taguatinga, DF;ATIVA;ATIVA;6200.19;6200.19;consistente;0;0;0;nenhuma;0
CASE-0004;SYN-CNPJ-000004;Empresa Sintética 0004;Águas Claras;Setor Sintético Divergente, Q05, L005, Águas Claras, DF;Setor Sintético E, Q05, L005, Águas Claras, DF;BAIXADA;BAIXADA;5900.8;5900.8;territorial;0;1;0;media;1
CASE-0005;SYN-CNPJ-000005;Empresa Sintética 0005;Plano Piloto;Setor Sintético Divergente, Q06, L006, Plano Piloto, DF;Setor Sintético F, Q06, L006, Plano Piloto, DF;ATIVA;ATIVA;17604.42;17604.42;territorial;0;1;0;media;1
CASE-0006;SYN-CNPJ-000006;Empresa Sintética 0006;Ceilândia;Setor Sintético A, Q07, L007, Ceilândia, DF;Setor Sintético A, Q07, L007, Ceilândia, DF;ATIVA;ATIVA;23951.72;23951.72;consistente;0;0;0;nenhuma;0
CASE-0007;SYN-CNPJ-000007;Empresa Sintética 0007;Taguatinga;Setor Sintético B, Q08, L008, Taguatinga, DF;Setor Sintético B, Q08, L008, Taguatinga, DF;BAIXADA;BAIXADA;2869.55;2869.55;consistente;0;0;0;nenhuma;0
CASE-0008;SYN-CNPJ-000008;Empresa Sintética 0008;Guará;Setor Sintético Divergente, Q09, L009, Guará, DF;Setor Sintético C, Q09, L009, Guará, DF;BAIXADA;ATIVA;11027.06;18378.43;multiplas;1;1;1;alta;1
CASE-0009;SYN-CNPJ-000009;Empresa Sintética 0009;Gama;Setor Sintético D, Q10, L010, Gama, DF;Setor Sintético D, Q10, L010, Gama, DF;ATIVA;ATIVA;14025.47;14025.0;ambiguo;0;0;0;baixa;0
CASE-0010;SYN-CNPJ-000010;Empresa Sintética 0010;Águas Claras;Setor Sintético Divergente, Q11, L011, Águas Claras, DF;Setor Sintético E, Q11, L011, Águas Claras, DF;BAIXADA;ATIVA;973.62;1622.7;multiplas;1;1;1;alta;1
CASE-0011;SYN-CNPJ-000011;Empresa Sintética 0011;Taguatinga;Setor Sintético F, Q12, L012, Taguatinga, DF;Setor Sintético F, Q12, L012, Taguatinga, DF;ATIVA;ATIVA;30420.39;21728.85;valor;0;0;1;media;1
CASE-0012;SYN-CNPJ-000012;Empresa Sintética 0012;Samambaia;Setor Sintético A, Q13, L013, Samambaia, DF;Setor Sintético A, Q13, L013, Samambaia, DF;ATIVA;ATIVA;9569.43;9569.43;consistente;0;0;0;nenhuma;0
CASE-0013;SYN-CNPJ-000013;Empresa Sintética 0013;Guará;Setor Sintético B, Q14, L014, Guará, DF;Setor Sintético B, Q14, L014, Guará, DF;ATIVA;ATIVA;15423.71;15423.71;consistente;0;0;0;nenhuma;0
CASE-0014;SYN-CNPJ-000014;Empresa Sintética 0014;Águas Claras;Setor Sintético C, Q15, L015, Águas Claras, DF;Setor Sintético C, Q15, L015, Águas Claras, DF;ATIVA;ATIVA;11825.38;11825.38;consistente;0;0;0;nenhuma;0
CASE-0015;SYN-CNPJ-000015;Empresa Sintética 0015;Águas Claras;Setor Sintético D, Q16, L016, Águas Claras, DF;Setor Sintético D, Q16, L016, Águas Claras, DF;ATIVA;ATIVA;21149.87;21149.87;consistente;0;0;0;nenhuma;0
CASE-0016;SYN-CNPJ-000016;Empresa Sintética 0016;Águas Claras;Setor Sintético E, Q17, L017, Águas Claras, DF;Setor Sintético E, Q17, L017, Águas Claras, DF;ATIVA;ATIVA;28313.07;20223.62;valor;0;0;1;media;1
CASE-0017;SYN-CNPJ-000017;Empresa Sintética 0017;Águas Claras;Setor Sintético F, Q18, L018, Águas Claras, DF;Setor Sintético F, Q18, L018, Águas Claras, DF;ATIVA;ATIVA;5709.35;5709.35;consistente;0;0;0;nenhuma;0
CASE-0018;SYN-CNPJ-000018;Empresa Sintética 0018;Sobradinho;Setor Sintético A, Q19, L019, Sobradinho, DF;Setor Sintético A, Q19, L019, Sobradinho, DF;BAIXADA;ATIVA;6989.56;6989.56;cadastral;1;0;0;media;1
CASE-0019;SYN-CNPJ-000019;Empresa Sintética 0019;Guará;Setor Sintético B, Q20, L020, Guará, DF;Setor Sintético B, Q20, L020, Guará, DF;BAIXADA;BAIXADA;22496.66;22496.66;consistente;0;0;0;nenhuma;0
CASE-0020;SYN-CNPJ-000020;Empresa Sintética 0020;Águas Claras;Setor Sintético C, Q21, L021, Águas Claras, DF;Setor Sintético C, Q21, L021, Águas Claras, DF;ATIVA;ATIVA;12983.39;12983.39;consistente;0;0;0;nenhuma;0
CASE-0021;SYN-CNPJ-000021;Empresa Sintética 0021;Plano Piloto;Setor Sintético D, Q22, L022, Plano Piloto, DF;Setor Sintético D, Q22, L022, Plano Piloto, DF;ATIVA;ATIVA;4244.61;4244.61;consistente;0;0;0;nenhuma;0
CASE-0022;SYN-CNPJ-000022;Empresa Sintética 0022;Gama;Setor Sintético E, Q23, L023, Gama, DF;Setor Sintético E, Q23, L023, Gama, DF;ATIVA;ATIVA;9926.8;9926.8;consistente;0;0;0;nenhuma;0
CASE-0023;SYN-CNPJ-000023;Empresa Sintética 0023;Sobradinho;Setor Sintético Divergente, Q24, L024, Sobradinho, DF;Setor Sintético F, Q24, L024, Sobradinho, DF;ATIVA;ATIVA;24291.42;24291.42;territorial;0;1;0;media;1
CASE-0024;SYN-CNPJ-000024;Empresa Sintética 0024;Plano Piloto;Setor Sintético Divergente, Q25, L025, Plano Piloto, DF;Setor Sintético A, Q25, L025, Plano Piloto, DF;BAIXADA;ATIVA;24942.76;17201.9;multiplas;1;1;1;alta;1
CASE-0025;SYN-CNPJ-000025;Empresa Sintética 0025;Samambaia;Setor Sintético B, Q26, L026, Samambaia, DF;Setor Sintético B, Q26, L026, Samambaia, DF;ATIVA;ATIVA;5768.06;7690.75;valor;0;0;1;media;1
CASE-0026;SYN-CNPJ-000026;Empresa Sintética 0026;Guará;Setor Sintético C, Q27, L027, Guará, DF;Setor Sintético C, Q27, L027, Guará, DF;BAIXADA;ATIVA;12938.2;12938.2;cadastral;1;0;0;media;1
CASE-0027;SYN-CNPJ-000027;Empresa Sintética 0027;Guará;Setor Sintético D, Q28, L028, Guará, DF;Setor Sintético D, Q28, L028, Guará, DF;ATIVA;ATIVA;4244.56;4244.56;consistente;0;0;0;nenhuma;0
CASE-0028;SYN-CNPJ-000028;Empresa Sintética 0028;Plano Piloto;Setor Sintético E, Q29, L029, Plano Piloto, DF;Setor Sintético E, Q29, L029, Plano Piloto, DF;ATIVA;ATIVA;8106.05;12470.84;valor;0;0;1;media;1
CASE-0029;SYN-CNPJ-000029;Empresa Sintética 0029;Guará;Setor Sintético F, Q30, L030, Guará, DF;Setor Sintético F, Q30, L030, Guará, DF;ATIVA;ATIVA;1920.96;1919.17;ambiguo;0;0;0;baixa;0
CASE-0030;SYN-CNPJ-000030;Empresa Sintética 0030;Sobradinho;Setor Sintético A, Q01, L031, Sobradinho, DF;Setor Sintético A, Q01, L031, Sobradinho, DF;ATIVA;ATIVA;24460.62;24460.62;consistente;0;0;0;nenhuma;0
CASE-0031;SYN-CNPJ-000031;Empresa Sintética 0031;Ceilândia;Setor Sintético B, Q02, L032, Ceilândia, DF;Setor Sintético B, Q02, L032, Ceilândia, DF;BAIXADA;ATIVA;16663.9;16663.9;cadastral;1;0;0;media;1
CASE-0032;SYN-CNPJ-000032;Empresa Sintética 0032;Ceilândia;Setor Sintético C, Q03, L033, Ceilândia, DF;Setor Sintético C, Q03, L033, Ceilândia, DF;ATIVA;ATIVA;13429.87;13428.01;ambiguo;0;0;0;baixa;0
CASE-0033;SYN-CNPJ-000033;Empresa Sintética 0033;Águas Claras;Setor Sintético D, Q04, L034, Águas Claras, DF;Setor Sintético D, Q04, L034, Águas Claras, DF;ATIVA;ATIVA;10274.8;10275.31;ambiguo;0;0;0;baixa;0
CASE-0034;SYN-CNPJ-000034;Empresa Sintética 0034;Sobradinho;Setor Sintético Divergente, Q10, L035, Sobradinho, DF;Setor Sintético E, Q05, L035, Sobradinho, DF;BAIXADA;ATIVA;3944.21;6573.69;multiplas;1;1;1;alta;1
CASE-0035;SYN-CNPJ-000035;Empresa Sintética 0035;Águas Claras;Setor Sintético F, Q06, L036, Águas Claras, DF;Setor Sintético F, Q06, L036, Águas Claras, DF;ATIVA;ATIVA;676.18;676.18;consistente;0;0;0;nenhuma;0
CASE-0036;SYN-CNPJ-000036;Empresa Sintética 0036;Plano Piloto;Setor Sintético A, Q07, L037, Plano Piloto, DF;Setor Sintético A, Q07, L037, Plano Piloto, DF;ATIVA;ATIVA;1398.35;2151.31;valor;0;0;1;media;1
CASE-0037;SYN-CNPJ-000037;Empresa Sintética 0037;Taguatinga;Setor Sintético Divergente, Q13, L038, Taguatinga, DF;Setor Sintético B, Q08, L038, Taguatinga, DF;BAIXADA;ATIVA;10617.9;7322.69;multiplas;1;1;1;alta;1
CASE-0038;SYN-CNPJ-000038;Empresa Sintética 0038;Ceilândia;Setor Sintético C, Q09, L039, Ceilândia, DF;Setor Sintético C, Q09, L039, Ceilândia, DF;BAIXADA;BAIXADA;6453.43;6453.43;consistente;0;0;0;nenhuma;0
CASE-0039;SYN-CNPJ-000039;Empresa Sintética 0039;Gama;Setor Sintético D, Q10, L040, Gama, DF;Setor Sintético D, Q10, L040, Gama, DF;BAIXADA;ATIVA;2810.98;2810.98;cadastral;1;0;0;media;1
CASE-0040;SYN-CNPJ-000040;Empresa Sintética 0040;Samambaia;Setor Sintético Divergente, Q16, L041, Samambaia, DF;Setor Sintético E, Q11, L041, Samambaia, DF;BAIXADA;BAIXADA;10572.01;10572.01;territorial;0;1;0;media;1
CASE-0041;SYN-CNPJ-000041;Empresa Sintética 0041;Plano Piloto;Setor Sintético Divergente, Q17, L042, Plano Piloto, DF;Setor Sintético F, Q12, L042, Plano Piloto, DF;BAIXADA;ATIVA;2878.26;1985.01;multiplas;1;1;1;alta;1
CASE-0042;SYN-CNPJ-000042;Empresa Sintética 0042;Taguatinga;Setor Sintético Divergente, Q18, L043, Taguatinga, DF;Setor Sintético A, Q13, L043, Taguatinga, DF;BAIXADA;ATIVA;7531.24;5193.96;multiplas;1;1;1;alta;1
CASE-0043;SYN-CNPJ-000043;Empresa Sintética 0043;Ceilândia;Setor Sintético B, Q14, L044, Ceilândia, DF;Setor Sintético B, Q14, L044, Ceilândia, DF;ATIVA;ATIVA;11834.39;11834.39;consistente;0;0;0;nenhuma;0
CASE-0044;SYN-CNPJ-000044;Empresa Sintética 0044;Taguatinga;Setor Sintético Divergente, Q20, L045, Taguatinga, DF;Setor Sintético C, Q15, L045, Taguatinga, DF;ATIVA;BAIXADA;12177.92;20296.54;multiplas;1;1;1;alta;1
CASE-0045;SYN-CNPJ-000045;Empresa Sintética 0045;Plano Piloto;Setor Sintético D, Q16, L046, Plano Piloto, DF;Setor Sintético D, Q16, L046, Plano Piloto, DF;ATIVA;ATIVA;23195.99;23195.99;consistente;0;0;0;nenhuma;0
CASE-0046;SYN-CNPJ-000046;Empresa Sintética 0046;Ceilândia;Setor Sintético Divergente, Q22, L047, Ceilândia, DF;Setor Sintético E, Q17, L047, Ceilândia, DF;ATIVA;BAIXADA;7438.93;12398.21;multiplas;1;1;1;alta;1
CASE-0047;SYN-CNPJ-000047;Empresa Sintética 0047;Plano Piloto;Setor Sintético Divergente, Q23, L048, Plano Piloto, DF;Setor Sintético F, Q18, L048, Plano Piloto, DF;BAIXADA;ATIVA;14188.02;9784.84;multiplas;1;1;1;alta;1
CASE-0048;SYN-CNPJ-000048;Empresa Sintética 0048;Sobradinho;Setor Sintético A, Q19, L049, Sobradinho, DF;Setor Sintético A, Q19, L049, Sobradinho, DF;ATIVA;ATIVA;10863.68;10863.68;consistente;0;0;0;nenhuma;0
CASE-0049;SYN-CNPJ-000049;Empresa Sintética 0049;Sobradinho;Set. Sintético B, Q20, L050, Sobradinho, DF;Setor Sintético B, Q20, L050, Sobradinho, DF;ATIVA;ATIVA;5150.73;5152.5;ambiguo;0;0;0;baixa;0
CASE-0050;SYN-CNPJ-000050;Empresa Sintética 0050;Plano Piloto;Setor Sintético C, Q21, L051, Plano Piloto, DF;Setor Sintético C, Q21, L051, Plano Piloto, DF;ATIVA;ATIVA;2660.77;1900.55;valor;0;0;1;media;1
CASE-0051;SYN-CNPJ-000051;Empresa Sintética 0051;Ceilândia;Setor Sintético D, Q22, L052, Ceilândia, DF;Setor Sintético D, Q22, L052, Ceilândia, DF;BAIXADA;ATIVA;24039.08;24039.08;cadastral;1;0;0;media;1
CASE-0052;SYN-CNPJ-000052;Empresa Sintética 0052;Ceilândia;Setor Sintético E, Q23, L053, Ceilândia, DF;Setor Sintético E, Q23, L053, Ceilândia, DF;ATIVA;ATIVA;15078.36;15078.36;consistente;0;0;0;nenhuma;0
CASE-0053;SYN-CNPJ-000053;Empresa Sintética 0053;Águas Claras;Setor Sintético Divergente, Q04, L054, Águas Claras, DF;Setor Sintético F, Q24, L054, Águas Claras, DF;BAIXADA;BAIXADA;3437.22;3437.22;territorial;0;1;0;media;1
CASE-0054;SYN-CNPJ-000054;Empresa Sintética 0054;Águas Claras;Setor Sintético Divergente, Q05, L055, Águas Claras, DF;Setor Sintético A, Q25, L055, Águas Claras, DF;BAIXADA;ATIVA;22728.53;15674.85;multiplas;1;1;1;alta;1
CASE-0055;SYN-CNPJ-000055;Empresa Sintética 0055;Samambaia;Setor Sintético Divergente, Q06, L056, Samambaia, DF;Setor Sintético B, Q26, L056, Samambaia, DF;ATIVA;ATIVA;5504.35;5504.35;territorial;0;1;0;media;1
CASE-0056;SYN-CNPJ-000056;Empresa Sintética 0056;Águas Claras;Setor Sintético C, Q27, L057, Águas Claras, DF;Setor Sintético C, Q27, L057, Águas Claras, DF;ATIVA;ATIVA;12745.94;10196.75;valor;0;0;1;media;1
CASE-0057;SYN-CNPJ-000057;Empresa Sintética 0057;Taguatinga;Setor Sintético D, Q28, L058, Taguatinga, DF;Setor Sintético D, Q28, L058, Taguatinga, DF;BAIXADA;ATIVA;11728.0;11728.0;cadastral;1;0;0;media;1
CASE-0058;SYN-CNPJ-000058;Empresa Sintética 0058;Taguatinga;Setor Sintético E, Q29, L059, Taguatinga, DF;Setor Sintético E, Q29, L059, Taguatinga, DF;ATIVA;ATIVA;13670.57;13672.04;ambiguo;0;0;0;baixa;0
CASE-0059;SYN-CNPJ-000059;Empresa Sintética 0059;Taguatinga;Setor Sintético F, Q30, L060, Taguatinga, DF;Setor Sintético F, Q30, L060, Taguatinga, DF;ATIVA;ATIVA;9553.41;9553.41;consistente;0;0;0;nenhuma;0
CASE-0060;SYN-CNPJ-000060;Empresa Sintética 0060;Guará;Setor Sintético A, Q01, L061, Guará, DF;Setor Sintético A, Q01, L061, Guará, DF;ATIVA;ATIVA;16862.65;16862.65;consistente;0;0;0;nenhuma;0
CASE-0061;SYN-CNPJ-000061;Empresa Sintética 0061;Taguatinga;Setor Sintético Divergente, Q12, L062, Taguatinga, DF;Setor Sintético B, Q02, L062, Taguatinga, DF;ATIVA;ATIVA;6979.42;6979.42;territorial;0;1;0;media;1
CASE-0062;SYN-CNPJ-000062;Empresa Sintética 0062;Ceilândia;Setor Sintético Divergente, Q13, L063, Ceilândia, DF;Setor Sintético C, Q03, L063, Ceilândia, DF;BAIXADA;ATIVA;4441.82;7403.03;multiplas;1;1;1;alta;1
CASE-0063;SYN-CNPJ-000063;Empresa Sintética 0063;Águas Claras;Setor Sintético D, Q04, L064, Águas Claras, DF;Setor Sintético D, Q04, L064, Águas Claras, DF;ATIVA;ATIVA;16103.15;12882.52;valor;0;0;1;media;1
CASE-0064;SYN-CNPJ-000064;Empresa Sintética 0064;Plano Piloto;Setor Sintético Divergente, Q15, L065, Plano Piloto, DF;Setor Sintético E, Q05, L065, Plano Piloto, DF;BAIXADA;ATIVA;23257.96;16039.97;multiplas;1;1;1;alta;1
CASE-0065;SYN-CNPJ-000065;Empresa Sintética 0065;Samambaia;Setor Sintético F, Q06, L066, Samambaia, DF;Setor Sintético F, Q06, L066, Samambaia, DF;ATIVA;ATIVA;16109.28;16109.28;consistente;0;0;0;nenhuma;0
CASE-0066;SYN-CNPJ-000066;Empresa Sintética 0066;Sobradinho;Setor Sintético A, Q07, L067, Sobradinho, DF;Setor Sintético A, Q07, L067, Sobradinho, DF;BAIXADA;BAIXADA;14242.22;14242.22;consistente;0;0;0;nenhuma;0
CASE-0067;SYN-CNPJ-000067;Empresa Sintética 0067;Ceilândia;Setor Sintético B, Q08, L068, Ceilândia, DF;Setor Sintético B, Q08, L068, Ceilândia, DF;ATIVA;ATIVA;20947.58;20947.58;consistente;0;0;0;nenhuma;0
CASE-0068;SYN-CNPJ-000068;Empresa Sintética 0068;Ceilândia;Setor Sintético Divergente, Q19, L069, Ceilândia, DF;Setor Sintético C, Q09, L069, Ceilândia, DF;BAIXADA;BAIXADA;3622.42;3622.42;territorial;0;1;0;media;1
CASE-0069;SYN-CNPJ-000069;Empresa Sintética 0069;Plano Piloto;Setor Sintético D, Q10, L070, Plano Piloto, DF;Setor Sintético D, Q10, L070, Plano Piloto, DF;ATIVA;ATIVA;5646.88;5646.88;consistente;0;0;0;nenhuma;0
CASE-0070;SYN-CNPJ-000070;Empresa Sintética 0070;Taguatinga;Setor Sintético E, Q11, L071, Taguatinga, DF;Setor Sintético E, Q11, L071, Taguatinga, DF;ATIVA;ATIVA;19612.85;19612.85;consistente;0;0;0;nenhuma;0
CASE-0071;SYN-CNPJ-000071;Empresa Sintética 0071;Gama;Setor Sintético Divergente, Q22, L002, Gama, DF;Setor Sintético F, Q12, L072, Gama, DF;BAIXADA;ATIVA;13908.73;23181.21;multiplas;1;1;1;alta;1
CASE-0072;SYN-CNPJ-000072;Empresa Sintética 0072;Ceilândia;Setor Sintético Divergente, Q23, L003, Ceilândia, DF;Setor Sintético A, Q13, L073, Ceilândia, DF;ATIVA;BAIXADA;1605.54;1107.27;multiplas;1;1;1;alta;1
CASE-0073;SYN-CNPJ-000073;Empresa Sintética 0073;Gama;Setor Sintético B, Q14, L074, Gama, DF;Setor Sintético B, Q14, L074, Gama, DF;ATIVA;ATIVA;4573.88;7036.74;valor;0;0;1;media;1
CASE-0074;SYN-CNPJ-000074;Empresa Sintética 0074;Plano Piloto;Setor Sintético C, Q15, L075, Plano Piloto, DF;Setor Sintético C, Q15, L075, Plano Piloto, DF;BAIXADA;BAIXADA;5949.63;5949.63;consistente;0;0;0;nenhuma;0
CASE-0075;SYN-CNPJ-000075;Empresa Sintética 0075;Sobradinho;Setor Sintético Divergente, Q01, L006, Sobradinho, DF;Setor Sintético D, Q16, L076, Sobradinho, DF;BAIXADA;ATIVA;4786.31;7977.18;multiplas;1;1;1;alta;1
CASE-0076;SYN-CNPJ-000076;Empresa Sintética 0076;Águas Claras;Setor Sintético E, Q17, L077, Águas Claras, DF;Setor Sintético E, Q17, L077, Águas Claras, DF;BAIXADA;BAIXADA;8542.42;8542.42;consistente;0;0;0;nenhuma;0
CASE-0077;SYN-CNPJ-000077;Empresa Sintética 0077;Guará;Setor Sintético Divergente, Q03, L008, Guará, DF;Setor Sintético F, Q18, L078, Guará, DF;BAIXADA;ATIVA;23513.63;16216.3;multiplas;1;1;1;alta;1
CASE-0078;SYN-CNPJ-000078;Empresa Sintética 0078;Samambaia;Setor Sintético Divergente, Q04, L009, Samambaia, DF;Setor Sintético A, Q19, L079, Samambaia, DF;ATIVA;ATIVA;3325.87;3325.87;territorial;0;1;0;media;1
CASE-0079;SYN-CNPJ-000079;Empresa Sintética 0079;Ceilândia;Setor Sintético B, Q20, L080, Ceilândia, DF;Setor Sintético B, Q20, L080, Ceilândia, DF;ATIVA;ATIVA;1436.68;1437.3;ambiguo;0;0;0;baixa;0
CASE-0080;SYN-CNPJ-000080;Empresa Sintética 0080;Gama;Setor Sintético C, Q21, L001, Gama, DF;Setor Sintético C, Q21, L001, Gama, DF;ATIVA;ATIVA;7452.97;9937.29;valor;0;0;1;media;1
CASE-0081;SYN-CNPJ-000081;Empresa Sintética 0081;Gama;Setor Sintético D, Q22, L002, Gama, DF;Setor Sintético D, Q22, L002, Gama, DF;ATIVA;ATIVA;13238.05;13238.05;consistente;0;0;0;nenhuma;0
CASE-0082;SYN-CNPJ-000082;Empresa Sintética 0082;Águas Claras;Setor Sintético Divergente, Q08, L013, Águas Claras, DF;Setor Sintético E, Q23, L003, Águas Claras, DF;BAIXADA;ATIVA;16046.85;11066.79;multiplas;1;1;1;alta;1
CASE-0083;SYN-CNPJ-000083;Empresa Sintética 0083;Taguatinga;Setor Sintético Divergente, Q09, L014, Taguatinga, DF;Setor Sintético F, Q24, L004, Taguatinga, DF;ATIVA;ATIVA;12924.5;12924.5;territorial;0;1;0;media;1
CASE-0084;SYN-CNPJ-000084;Empresa Sintética 0084;Samambaia;Setor Sintético Divergente, Q10, L015, Samambaia, DF;Setor Sintético A, Q25, L005, Samambaia, DF;BAIXADA;BAIXADA;17581.61;17581.61;territorial;0;1;0;media;1
CASE-0085;SYN-CNPJ-000085;Empresa Sintética 0085;Águas Claras;Setor Sintético Divergente, Q11, L016, Águas Claras, DF;Setor Sintético B, Q26, L006, Águas Claras, DF;BAIXADA;BAIXADA;16790.77;16790.77;territorial;0;1;0;media;1
CASE-0086;SYN-CNPJ-000086;Empresa Sintética 0086;Ceilândia;Setor Sintético C, Q27, L007, Ceilândia, DF;Setor Sintético C, Q27, L007, Ceilândia, DF;ATIVA;ATIVA;10448.84;10448.84;consistente;0;0;0;nenhuma;0
CASE-0087;SYN-CNPJ-000087;Empresa Sintética 0087;Guará;Setor Sintético Divergente, Q13, L018, Guará, DF;Setor Sintético D, Q28, L008, Guará, DF;BAIXADA;ATIVA;8191.75;5649.48;multiplas;1;1;1;alta;1
CASE-0088;SYN-CNPJ-000088;Empresa Sintética 0088;Sobradinho;Setor Sintético E, Q29, L009, Sobradinho, DF;Setor Sintético E, Q29, L009, Sobradinho, DF;BAIXADA;ATIVA;13023.76;13023.76;cadastral;1;0;0;media;1
CASE-0089;SYN-CNPJ-000089;Empresa Sintética 0089;Ceilândia;Setor Sintético F, Q30, L010, Ceilândia, DF;Setor Sintético F, Q30, L010, Ceilândia, DF;ATIVA;ATIVA;9315.96;7452.77;valor;0;0;1;media;1
CASE-0090;SYN-CNPJ-000090;Empresa Sintética 0090;Águas Claras;Setor Sintético A, Q01, L011, Águas Claras, DF;Setor Sintético A, Q01, L011, Águas Claras, DF;ATIVA;ATIVA;6003.7;6003.7;consistente;0;0;0;nenhuma;0
CASE-0091;SYN-CNPJ-000091;Empresa Sintética 0091;Plano Piloto;Setor Sintético B, Q02, L012, Plano Piloto, DF;Setor Sintético B, Q02, L012, Plano Piloto, DF;ATIVA;ATIVA;6498.64;6498.64;consistente;0;0;0;nenhuma;0
CASE-0092;SYN-CNPJ-000092;Empresa Sintética 0092;Taguatinga;Setor Sintético C, Q03, L013, Taguatinga, DF;Setor Sintético C, Q03, L013, Taguatinga, DF;ATIVA;BAIXADA;10653.8;10653.8;cadastral;1;0;0;media;1
CASE-0093;SYN-CNPJ-000093;Empresa Sintética 0093;Águas Claras;Setor Sintético Divergente, Q19, L024, Águas Claras, DF;Setor Sintético D, Q04, L014, Águas Claras, DF;BAIXADA;BAIXADA;12612.24;12612.24;territorial;0;1;0;media;1
CASE-0094;SYN-CNPJ-000094;Empresa Sintética 0094;Plano Piloto;Setor Sintético E, Q05, L015, Plano Piloto, DF;Setor Sintético E, Q05, L015, Plano Piloto, DF;ATIVA;ATIVA;19571.3;19571.3;consistente;0;0;0;nenhuma;0
CASE-0095;SYN-CNPJ-000095;Empresa Sintética 0095;Sobradinho;Setor Sintético F, Q06, L016, Sobradinho, DF;Setor Sintético F, Q06, L016, Sobradinho, DF;ATIVA;ATIVA;14156.44;14156.44;consistente;0;0;0;nenhuma;0
CASE-0096;SYN-CNPJ-000096;Empresa Sintética 0096;Taguatinga;Setor Sintético Divergente, Q22, L027, Taguatinga, DF;Setor Sintético A, Q07, L017, Taguatinga, DF;ATIVA;BAIXADA;5461.87;3766.81;multiplas;1;1;1;alta;1
CASE-0097;SYN-CNPJ-000097;Empresa Sintética 0097;Samambaia;Setor Sintético Divergente, Q23, L028, Samambaia, DF;Setor Sintético B, Q08, L018, Samambaia, DF;BAIXADA;BAIXADA;15509.98;15509.98;territorial;0;1;0;media;1
CASE-0098;SYN-CNPJ-000098;Empresa Sintética 0098;Gama;Setor Sintético C, Q09, L019, Gama, DF;Setor Sintético C, Q09, L019, Gama, DF;BAIXADA;BAIXADA;31474.24;22481.6;valor;0;0;1;media;1
CASE-0099;SYN-CNPJ-000099;Empresa Sintética 0099;Águas Claras;Setor Sintético D, Q10, L020, Águas Claras, DF;Setor Sintético D, Q10, L020, Águas Claras, DF;BAIXADA;ATIVA;19262.44;19262.44;cadastral;1;0;0;media;1
CASE-0100;SYN-CNPJ-000100;Empresa Sintética 0100;Águas Claras;Setor Sintético E, Q11, L021, Águas Claras, DF;Setor Sintético E, Q11, L021, Águas Claras, DF;BAIXADA;ATIVA;11276.88;11276.88;cadastral;1;0;0;media;1
CASE-0101;SYN-CNPJ-000101;Empresa Sintética 0101;Águas Claras;Setor Sintético F, Q12, L022, Águas Claras, DF;Setor Sintético F, Q12, L022, Águas Claras, DF;ATIVA;ATIVA;5673.37;8728.26;valor;0;0;1;media;1
CASE-0102;SYN-CNPJ-000102;Empresa Sintética 0102;Águas Claras;Setor Sintético A, Q13, L023, Águas Claras, DF;Setor Sintético A, Q13, L023, Águas Claras, DF;BAIXADA;BAIXADA;17501.77;17501.77;consistente;0;0;0;nenhuma;0
CASE-0103;SYN-CNPJ-000103;Empresa Sintética 0103;Taguatinga;Setor Sintético B, Q14, L024, Taguatinga, DF;Setor Sintético B, Q14, L024, Taguatinga, DF;BAIXADA;BAIXADA;14680.65;10486.18;valor;0;0;1;media;1
CASE-0104;SYN-CNPJ-000104;Empresa Sintética 0104;Águas Claras;Setor Sintético C, Q15, L025, Águas Claras, DF;Setor Sintético C, Q15, L025, Águas Claras, DF;ATIVA;BAIXADA;10042.18;10042.18;cadastral;1;0;0;media;1
CASE-0105;SYN-CNPJ-000105;Empresa Sintética 0105;Plano Piloto;Setor Sintético D, Q16, L026, Plano Piloto, DF;Setor Sintético D, Q16, L026, Plano Piloto, DF;BAIXADA;BAIXADA;15232.5;12186.0;valor;0;0;1;media;1
CASE-0106;SYN-CNPJ-000106;Empresa Sintética 0106;Gama;Setor Sintético E, Q17, L027, Gama, DF;Setor Sintético E, Q17, L027, Gama, DF;BAIXADA;BAIXADA;13686.4;13686.4;consistente;0;0;0;nenhuma;0
CASE-0107;SYN-CNPJ-000107;Empresa Sintética 0107;Águas Claras;Setor Sintético F, Q18, L028, Águas Claras, DF;Setor Sintético F, Q18, L028, Águas Claras, DF;BAIXADA;BAIXADA;8226.16;5875.83;valor;0;0;1;media;1
CASE-0108;SYN-CNPJ-000108;Empresa Sintética 0108;Gama;Setor Sintético A, Q19, L029, Gama, DF;Setor Sintético A, Q19, L029, Gama, DF;BAIXADA;ATIVA;16887.4;16887.4;cadastral;1;0;0;media;1
CASE-0109;SYN-CNPJ-000109;Empresa Sintética 0109;Ceilândia;Setor Sintético B, Q20, L030, Ceilândia, DF;Setor Sintético B, Q20, L030, Ceilândia, DF;BAIXADA;BAIXADA;14968.7;23028.77;valor;0;0;1;media;1
CASE-0110;SYN-CNPJ-000110;Empresa Sintética 0110;Plano Piloto;Setor Sintético Divergente, Q11, L041, Plano Piloto, DF;Setor Sintético C, Q21, L031, Plano Piloto, DF;BAIXADA;ATIVA;9748.42;16247.37;multiplas;1;1;1;alta;1
CASE-0111;SYN-CNPJ-000111;Empresa Sintética 0111;Ceilândia;Setor Sintético Divergente, Q12, L042, Ceilândia, DF;Setor Sintético D, Q22, L032, Ceilândia, DF;BAIXADA;ATIVA;9967.05;6873.83;multiplas;1;1;1;alta;1
CASE-0112;SYN-CNPJ-000112;Empresa Sintética 0112;Samambaia;Setor Sintético E, Q23, L033, Samambaia, DF;Setor Sintético E, Q23, L033, Samambaia, DF;ATIVA;ATIVA;19150.13;19150.13;consistente;0;0;0;nenhuma;0
CASE-0113;SYN-CNPJ-000113;Empresa Sintética 0113;Gama;Setor Sintético F, Q24, L034, Gama, DF;Setor Sintético F, Q24, L034, Gama, DF;ATIVA;ATIVA;20955.32;20955.32;consistente;0;0;0;nenhuma;0
CASE-0114;SYN-CNPJ-000114;Empresa Sintética 0114;Plano Piloto;Setor Sintético A, Q25, L035, Plano Piloto, DF;Setor Sintético A, Q25, L035, Plano Piloto, DF;BAIXADA;ATIVA;5993.44;5993.44;cadastral;1;0;0;media;1
CASE-0115;SYN-CNPJ-000115;Empresa Sintética 0115;Plano Piloto;Setor Sintético B, Q26, L036, Plano Piloto, DF;Setor Sintético B, Q26, L036, Plano Piloto, DF;ATIVA;ATIVA;23765.49;23765.49;consistente;0;0;0;nenhuma;0
CASE-0116;SYN-CNPJ-000116;Empresa Sintética 0116;Plano Piloto;Setor Sintético C, Q27, L037, Plano Piloto, DF;Setor Sintético C, Q27, L037, Plano Piloto, DF;ATIVA;ATIVA;6344.35;6344.35;consistente;0;0;0;nenhuma;0
CASE-0117;SYN-CNPJ-000117;Empresa Sintética 0117;Taguatinga;Setor Sintético D, Q28, L038, Taguatinga, DF;Setor Sintético D, Q28, L038, Taguatinga, DF;BAIXADA;ATIVA;11893.33;11893.33;cadastral;1;0;0;media;1
CASE-0118;SYN-CNPJ-000118;Empresa Sintética 0118;Samambaia;Setor Sintético E, Q29, L039, Samambaia, DF;Setor Sintético E, Q29, L039, Samambaia, DF;ATIVA;ATIVA;15344.37;15344.37;consistente;0;0;0;nenhuma;0
CASE-0119;SYN-CNPJ-000119;Empresa Sintética 0119;Taguatinga;Set. Sintético F, Q30, L040, Taguatinga, DF;Setor Sintético F, Q30, L040, Taguatinga, DF;ATIVA;ATIVA;24133.76;24135.66;ambiguo;0;0;0;baixa;0
CASE-0120;SYN-CNPJ-000120;Empresa Sintética 0120;Gama;Setor Sintético A, Q01, L041, Gama, DF;Setor Sintético A, Q01, L041, Gama, DF;BAIXADA;BAIXADA;23566.03;23566.03;consistente;0;0;0;nenhuma;0
CASE-0121;SYN-CNPJ-000121;Empresa Sintética 0121;Águas Claras;Setor Sintético B, Q02, L042, Águas Claras, DF;Setor Sintético B, Q02, L042, Águas Claras, DF;ATIVA;ATIVA;17581.23;17581.23;consistente;0;0;0;nenhuma;0
CASE-0122;SYN-CNPJ-000122;Empresa Sintética 0122;Taguatinga;Setor Sintético C, Q03, L043, Taguatinga, DF;Setor Sintético C, Q03, L043, Taguatinga, DF;ATIVA;ATIVA;9006.49;9006.49;consistente;0;0;0;nenhuma;0
CASE-0123;SYN-CNPJ-000123;Empresa Sintética 0123;Samambaia;Setor Sintético D, Q04, L044, Samambaia, DF;Setor Sintético D, Q04, L044, Samambaia, DF;BAIXADA;ATIVA;12896.04;12896.04;cadastral;1;0;0;media;1
CASE-0124;SYN-CNPJ-000124;Empresa Sintética 0124;Gama;Setor Sintético E, Q05, L045, Gama, DF;Setor Sintético E, Q05, L045, Gama, DF;BAIXADA;BAIXADA;3085.7;3085.7;consistente;0;0;0;nenhuma;0
CASE-0125;SYN-CNPJ-000125;Empresa Sintética 0125;Sobradinho;Setor Sintético F, Q06, L046, Sobradinho, DF;Setor Sintético F, Q06, L046, Sobradinho, DF;ATIVA;ATIVA;11171.3;11169.44;ambiguo;0;0;0;baixa;0
CASE-0126;SYN-CNPJ-000126;Empresa Sintética 0126;Sobradinho;Setor Sintético A, Q07, L047, Sobradinho, DF;Setor Sintético A, Q07, L047, Sobradinho, DF;BAIXADA;BAIXADA;11171.58;11171.58;consistente;0;0;0;nenhuma;0
CASE-0127;SYN-CNPJ-000127;Empresa Sintética 0127;Guará;Setor Sintético B, Q08, L048, Guará, DF;Setor Sintético B, Q08, L048, Guará, DF;ATIVA;ATIVA;13888.53;21366.97;valor;0;0;1;media;1
CASE-0128;SYN-CNPJ-000128;Empresa Sintética 0128;Sobradinho;Setor Sintético C, Q09, L049, Sobradinho, DF;Setor Sintético C, Q09, L049, Sobradinho, DF;ATIVA;ATIVA;18886.67;18886.67;consistente;0;0;0;nenhuma;0
CASE-0129;SYN-CNPJ-000129;Empresa Sintética 0129;Gama;Setor Sintético Divergente, Q05, L060, Gama, DF;Setor Sintético D, Q10, L050, Gama, DF;ATIVA;ATIVA;1203.15;1203.15;territorial;0;1;0;media;1
CASE-0130;SYN-CNPJ-000130;Empresa Sintética 0130;Ceilândia;Setor Sintético Divergente, Q06, L061, Ceilândia, DF;Setor Sintético E, Q11, L051, Ceilândia, DF;ATIVA;BAIXADA;8260.56;5696.94;multiplas;1;1;1;alta;1
CASE-0131;SYN-CNPJ-000131;Empresa Sintética 0131;Guará;Setor Sintético F, Q12, L052, Guará, DF;Setor Sintético F, Q12, L052, Guará, DF;ATIVA;ATIVA;13157.37;13157.37;consistente;0;0;0;nenhuma;0
CASE-0132;SYN-CNPJ-000132;Empresa Sintética 0132;Águas Claras;Setor Sintético A, Q13, L053, Águas Claras, DF;Setor Sintético A, Q13, L053, Águas Claras, DF;BAIXADA;BAIXADA;12470.16;12470.16;consistente;0;0;0;nenhuma;0
CASE-0133;SYN-CNPJ-000133;Empresa Sintética 0133;Sobradinho;Setor Sintético B, Q14, L054, Sobradinho, DF;Setor Sintético B, Q14, L054, Sobradinho, DF;BAIXADA;BAIXADA;7462.18;11480.28;valor;0;0;1;media;1
CASE-0134;SYN-CNPJ-000134;Empresa Sintética 0134;Águas Claras;Setor Sintético C, Q15, L055, Águas Claras, DF;Setor Sintético C, Q15, L055, Águas Claras, DF;BAIXADA;BAIXADA;17448.79;17448.79;consistente;0;0;0;nenhuma;0
CASE-0135;SYN-CNPJ-000135;Empresa Sintética 0135;Samambaia;Setor Sintético D, Q16, L056, Samambaia, DF;Setor Sintético D, Q16, L056, Samambaia, DF;BAIXADA;BAIXADA;14060.09;14060.09;consistente;0;0;0;nenhuma;0
CASE-0136;SYN-CNPJ-000136;Empresa Sintética 0136;Samambaia;Setor Sintético E, Q17, L057, Samambaia, DF;Setor Sintético E, Q17, L057, Samambaia, DF;ATIVA;ATIVA;17719.95;17719.95;consistente;0;0;0;nenhuma;0
CASE-0137;SYN-CNPJ-000137;Empresa Sintética 0137;Guará;Setor Sintético F, Q18, L058, Guará, DF;Setor Sintético F, Q18, L058, Guará, DF;ATIVA;ATIVA;3456.07;3456.07;consistente;0;0;0;nenhuma;0
CASE-0138;SYN-CNPJ-000138;Empresa Sintética 0138;Taguatinga;Setor Sintético A, Q19, L059, Taguatinga, DF;Setor Sintético A, Q19, L059, Taguatinga, DF;ATIVA;ATIVA;5192.75;5192.75;consistente;0;0;0;nenhuma;0
CASE-0139;SYN-CNPJ-000139;Empresa Sintética 0139;Guará;Setor Sintético B, Q20, L060, Guará, DF;Setor Sintético B, Q20, L060, Guará, DF;ATIVA;ATIVA;18391.88;24522.51;valor;0;0;1;media;1
CASE-0140;SYN-CNPJ-000140;Empresa Sintética 0140;Samambaia;Setor Sintético C, Q21, L061, Samambaia, DF;Setor Sintético C, Q21, L061, Samambaia, DF;ATIVA;ATIVA;7905.56;7905.56;consistente;0;0;0;nenhuma;0
CASE-0141;SYN-CNPJ-000141;Empresa Sintética 0141;Ceilândia;Setor Sintético D, Q22, L062, Ceilândia, DF;Setor Sintético D, Q22, L062, Ceilândia, DF;ATIVA;ATIVA;1049.83;1615.13;valor;0;0;1;media;1
CASE-0142;SYN-CNPJ-000142;Empresa Sintética 0142;Ceilândia;Setor Sintético Divergente, Q18, L003, Ceilândia, DF;Setor Sintético E, Q23, L063, Ceilândia, DF;BAIXADA;BAIXADA;3013.4;3013.4;territorial;0;1;0;media;1
CASE-0143;SYN-CNPJ-000143;Empresa Sintética 0143;Guará;Setor Sintético F, Q24, L064, Guará, DF;Setor Sintético F, Q24, L064, Guará, DF;BAIXADA;BAIXADA;12228.5;12228.5;consistente;0;0;0;nenhuma;0
CASE-0144;SYN-CNPJ-000144;Empresa Sintética 0144;Plano Piloto;Setor Sintético A, Q25, L065, Plano Piloto, DF;Setor Sintético A, Q25, L065, Plano Piloto, DF;ATIVA;ATIVA;23556.06;23556.06;consistente;0;0;0;nenhuma;0
CASE-0145;SYN-CNPJ-000145;Empresa Sintética 0145;Taguatinga;Setor Sintético B, Q26, L066, Taguatinga, DF;Setor Sintético B, Q26, L066, Taguatinga, DF;ATIVA;BAIXADA;12547.79;12547.79;cadastral;1;0;0;media;1
CASE-0146;SYN-CNPJ-000146;Empresa Sintética 0146;Plano Piloto;Setor Sintético Divergente, Q22, L007, Plano Piloto, DF;Setor Sintético C, Q27, L067, Plano Piloto, DF;ATIVA;ATIVA;4155.34;4155.34;territorial;0;1;0;media;1
CASE-0147;SYN-CNPJ-000147;Empresa Sintética 0147;Guará;Setor Sintético Divergente, Q23, L008, Guará, DF;Setor Sintético D, Q28, L068, Guará, DF;ATIVA;ATIVA;24850.99;24850.99;territorial;0;1;0;media;1
CASE-0148;SYN-CNPJ-000148;Empresa Sintética 0148;Gama;Setor Sintético E, Q29, L069, Gama, DF;Setor Sintético E, Q29, L069, Gama, DF;ATIVA;ATIVA;19504.49;19504.49;consistente;0;0;0;nenhuma;0
CASE-0149;SYN-CNPJ-000149;Empresa Sintética 0149;Sobradinho;Setor Sintético F, Q30, L070, Sobradinho, DF;Setor Sintético F, Q30, L070, Sobradinho, DF;ATIVA;ATIVA;21574.08;21574.08;consistente;0;0;0;nenhuma;0
CASE-0150;SYN-CNPJ-000150;Empresa Sintética 0150;Guará;Setor Sintético A, Q01, L071, Guará, DF;Setor Sintético A, Q01, L071, Guará, DF;ATIVA;ATIVA;15437.75;15435.96;ambiguo;0;0;0;baixa;0
CASE-0151;SYN-CNPJ-000151;Empresa Sintética 0151;Águas Claras;Setor Sintético B, Q02, L072, Águas Claras, DF;Setor Sintético B, Q02, L072, Águas Claras, DF;ATIVA;ATIVA;16680.49;16680.49;consistente;0;0;0;nenhuma;0
CASE-0152;SYN-CNPJ-000152;Empresa Sintética 0152;Ceilândia;Setor Sintético C, Q03, L073, Ceilândia, DF;Setor Sintético C, Q03, L073, Ceilândia, DF;ATIVA;ATIVA;4335.05;4335.05;consistente;0;0;0;nenhuma;0
CASE-0153;SYN-CNPJ-000153;Empresa Sintética 0153;Sobradinho;Setor Sintético D, Q04, L074, Sobradinho, DF;Setor Sintético D, Q04, L074, Sobradinho, DF;BAIXADA;ATIVA;1299.68;1299.68;cadastral;1;0;0;media;1
CASE-0154;SYN-CNPJ-000154;Empresa Sintética 0154;Guará;Setor Sintético E, Q05, L075, Guará, DF;Setor Sintético E, Q05, L075, Guará, DF;BAIXADA;BAIXADA;2243.9;2243.9;consistente;0;0;0;nenhuma;0
CASE-0155;SYN-CNPJ-000155;Empresa Sintética 0155;Guará;Setor Sintético F, Q06, L076, Guará, DF;Setor Sintético F, Q06, L076, Guará, DF;ATIVA;ATIVA;10915.9;10915.9;consistente;0;0;0;nenhuma;0
CASE-0156;SYN-CNPJ-000156;Empresa Sintética 0156;Ceilândia;Setor Sintético A, Q07, L077, Ceilândia, DF;Setor Sintético A, Q07, L077, Ceilândia, DF;BAIXADA;ATIVA;20752.46;20752.46;cadastral;1;0;0;media;1
CASE-0157;SYN-CNPJ-000157;Empresa Sintética 0157;Ceilândia;Setor Sintético B, Q08, L078, Ceilândia, DF;Setor Sintético B, Q08, L078, Ceilândia, DF;ATIVA;ATIVA;15078.58;15078.58;consistente;0;0;0;nenhuma;0
CASE-0158;SYN-CNPJ-000158;Empresa Sintética 0158;Guará;Setor Sintético Divergente, Q09, L019, Guará, DF;Setor Sintético C, Q09, L079, Guará, DF;ATIVA;BAIXADA;5142.66;3546.66;multiplas;1;1;1;alta;1
CASE-0159;SYN-CNPJ-000159;Empresa Sintética 0159;Guará;Setor Sintético Divergente, Q10, L020, Guará, DF;Setor Sintético D, Q10, L080, Guará, DF;BAIXADA;BAIXADA;11225.09;11225.09;territorial;0;1;0;media;1
CASE-0160;SYN-CNPJ-000160;Empresa Sintética 0160;Gama;Setor Sintético Divergente, Q11, L021, Gama, DF;Setor Sintético E, Q11, L001, Gama, DF;ATIVA;ATIVA;15290.98;15290.98;territorial;0;1;0;media;1
CASE-0161;SYN-CNPJ-000161;Empresa Sintética 0161;Águas Claras;Setor Sintético F, Q12, L002, Águas Claras, DF;Setor Sintético F, Q12, L002, Águas Claras, DF;ATIVA;ATIVA;24989.52;24989.52;consistente;0;0;0;nenhuma;0
CASE-0162;SYN-CNPJ-000162;Empresa Sintética 0162;Guará;Setor Sintético Divergente, Q13, L023, Guará, DF;Setor Sintético A, Q13, L003, Guará, DF;ATIVA;ATIVA;19196.17;19196.17;territorial;0;1;0;media;1
CASE-0163;SYN-CNPJ-000163;Empresa Sintética 0163;Sobradinho;Setor Sintético B, Q14, L004, Sobradinho, DF;Setor Sintético B, Q14, L004, Sobradinho, DF;ATIVA;ATIVA;4946.48;4946.48;consistente;0;0;0;nenhuma;0
CASE-0164;SYN-CNPJ-000164;Empresa Sintética 0164;Sobradinho;Setor Sintético Divergente, Q15, L025, Sobradinho, DF;Setor Sintético C, Q15, L005, Sobradinho, DF;ATIVA;ATIVA;12015.25;12015.25;territorial;0;1;0;media;1
CASE-0165;SYN-CNPJ-000165;Empresa Sintética 0165;Samambaia;Setor Sintético D, Q16, L006, Samambaia, DF;Setor Sintético D, Q16, L006, Samambaia, DF;BAIXADA;ATIVA;21514.46;21514.46;cadastral;1;0;0;media;1
CASE-0166;SYN-CNPJ-000166;Empresa Sintética 0166;Sobradinho;Setor Sintético E, Q17, L007, Sobradinho, DF;Setor Sintético E, Q17, L007, Sobradinho, DF;ATIVA;ATIVA;16733.3;16733.3;consistente;0;0;0;nenhuma;0
CASE-0167;SYN-CNPJ-000167;Empresa Sintética 0167;Plano Piloto;Setor Sintético F, Q18, L008, Plano Piloto, DF;Setor Sintético F, Q18, L008, Plano Piloto, DF;ATIVA;BAIXADA;2657.46;2657.46;cadastral;1;0;0;media;1
CASE-0168;SYN-CNPJ-000168;Empresa Sintética 0168;Taguatinga;Setor Sintético A, Q19, L009, Taguatinga, DF;Setor Sintético A, Q19, L009, Taguatinga, DF;BAIXADA;BAIXADA;21690.31;21690.31;consistente;0;0;0;nenhuma;0
CASE-0169;SYN-CNPJ-000169;Empresa Sintética 0169;Plano Piloto;Setor Sintético Divergente, Q20, L030, Plano Piloto, DF;Setor Sintético B, Q20, L010, Plano Piloto, DF;ATIVA;BAIXADA;6374.74;10624.57;multiplas;1;1;1;alta;1
CASE-0170;SYN-CNPJ-000170;Empresa Sintética 0170;Sobradinho;Setor Sintético C, Q21, L011, Sobradinho, DF;Setor Sintético C, Q21, L011, Sobradinho, DF;ATIVA;BAIXADA;19119.77;19119.77;cadastral;1;0;0;media;1
CASE-0171;SYN-CNPJ-000171;Empresa Sintética 0171;Ceilândia;Setor Sintético D, Q22, L012, Ceilândia, DF;Setor Sintético D, Q22, L012, Ceilândia, DF;ATIVA;ATIVA;11233.84;11233.84;consistente;0;0;0;nenhuma;0
CASE-0172;SYN-CNPJ-000172;Empresa Sintética 0172;Taguatinga;Setor Sintético Divergente, Q23, L033, Taguatinga, DF;Setor Sintético E, Q23, L013, Taguatinga, DF;ATIVA;ATIVA;24342.1;24342.1;territorial;0;1;0;media;1
CASE-0173;SYN-CNPJ-000173;Empresa Sintética 0173;Águas Claras;Setor Sintético Divergente, Q24, L034, Águas Claras, DF;Setor Sintético F, Q24, L014, Águas Claras, DF;ATIVA;ATIVA;8113.38;8113.38;territorial;0;1;0;media;1
CASE-0174;SYN-CNPJ-000174;Empresa Sintética 0174;Gama;Setor Sintético A, Q25, L015, Gama, DF;Setor Sintético A, Q25, L015, Gama, DF;ATIVA;ATIVA;6005.17;6005.17;consistente;0;0;0;nenhuma;0
CASE-0175;SYN-CNPJ-000175;Empresa Sintética 0175;Taguatinga;Setor Sintético Divergente, Q01, L036, Taguatinga, DF;Setor Sintético B, Q26, L016, Taguatinga, DF;ATIVA;BAIXADA;14221.79;23702.99;multiplas;1;1;1;alta;1
CASE-0176;SYN-CNPJ-000176;Empresa Sintética 0176;Guará;Setor Sintético C, Q27, L017, Guará, DF;Setor Sintético C, Q27, L017, Guará, DF;BAIXADA;ATIVA;10679.51;10679.51;cadastral;1;0;0;media;1
CASE-0177;SYN-CNPJ-000177;Empresa Sintética 0177;Sobradinho;Setor Sintético D, Q28, L018, Sobradinho, DF;Setor Sintético D, Q28, L018, Sobradinho, DF;BAIXADA;ATIVA;11691.27;11691.27;cadastral;1;0;0;media;1
CASE-0178;SYN-CNPJ-000178;Empresa Sintética 0178;Águas Claras;Setor Sintético E, Q29, L019, Águas Claras, DF;Setor Sintético E, Q29, L019, Águas Claras, DF;ATIVA;ATIVA;21668.66;21668.66;consistente;0;0;0;nenhuma;0
CASE-0179;SYN-CNPJ-000179;Empresa Sintética 0179;Gama;Setor Sintético F, Q30, L020, Gama, DF;Setor Sintético F, Q30, L020, Gama, DF;ATIVA;ATIVA;23389.09;23389.09;consistente;0;0;0;nenhuma;0
CASE-0180;SYN-CNPJ-000180;Empresa Sintética 0180;Plano Piloto;Setor Sintético A, Q01, L021, Plano Piloto, DF;Setor Sintético A, Q01, L021, Plano Piloto, DF;BAIXADA;ATIVA;18288.25;18288.25;cadastral;1;0;0;media;1
CASE-0181;SYN-CNPJ-000181;Empresa Sintética 0181;Sobradinho;Setor Sintético Divergente, Q07, L042, Sobradinho, DF;Setor Sintético B, Q02, L022, Sobradinho, DF;BAIXADA;ATIVA;16588.59;11440.41;multiplas;1;1;1;alta;1
CASE-0182;SYN-CNPJ-000182;Empresa Sintética 0182;Gama;Setor Sintético C, Q03, L023, Gama, DF;Setor Sintético C, Q03, L023, Gama, DF;BAIXADA;BAIXADA;23354.88;23354.88;consistente;0;0;0;nenhuma;0
CASE-0183;SYN-CNPJ-000183;Empresa Sintética 0183;Águas Claras;Setor Sintético Divergente, Q09, L044, Águas Claras, DF;Setor Sintético D, Q04, L024, Águas Claras, DF;ATIVA;BAIXADA;9022.31;6222.28;multiplas;1;1;1;alta;1
CASE-0184;SYN-CNPJ-000184;Empresa Sintética 0184;Sobradinho;Setor Sintético E, Q05, L025, Sobradinho, DF;Setor Sintético E, Q05, L025, Sobradinho, DF;BAIXADA;BAIXADA;9958.93;9958.93;consistente;0;0;0;nenhuma;0
CASE-0185;SYN-CNPJ-000185;Empresa Sintética 0185;Ceilândia;Setor Sintético Divergente, Q11, L046, Ceilândia, DF;Setor Sintético F, Q06, L026, Ceilândia, DF;BAIXADA;BAIXADA;24138.2;24138.2;territorial;0;1;0;media;1
CASE-0186;SYN-CNPJ-000186;Empresa Sintética 0186;Samambaia;Setor Sintético A, Q07, L027, Samambaia, DF;Setor Sintético A, Q07, L027, Samambaia, DF;ATIVA;ATIVA;21917.66;21917.66;consistente;0;0;0;nenhuma;0
CASE-0187;SYN-CNPJ-000187;Empresa Sintética 0187;Sobradinho;Setor Sintético B, Q08, L028, Sobradinho, DF;Setor Sintético B, Q08, L028, Sobradinho, DF;BAIXADA;ATIVA;18199.87;18199.87;cadastral;1;0;0;media;1
CASE-0188;SYN-CNPJ-000188;Empresa Sintética 0188;Ceilândia;Setor Sintético C, Q09, L029, Ceilândia, DF;Setor Sintético C, Q09, L029, Ceilândia, DF;BAIXADA;ATIVA;12002.52;12002.52;cadastral;1;0;0;media;1
CASE-0189;SYN-CNPJ-000189;Empresa Sintética 0189;Samambaia;Setor Sintético D, Q10, L030, Samambaia, DF;Setor Sintético D, Q10, L030, Samambaia, DF;BAIXADA;BAIXADA;16422.41;16421.0;ambiguo;0;0;0;baixa;0
CASE-0190;SYN-CNPJ-000190;Empresa Sintética 0190;Gama;Setor Sintético Divergente, Q16, L051, Gama, DF;Setor Sintético E, Q11, L031, Gama, DF;BAIXADA;ATIVA;22992.04;15856.58;multiplas;1;1;1;alta;1
CASE-0191;SYN-CNPJ-000191;Empresa Sintética 0191;Plano Piloto;Setor Sintético Divergente, Q17, L052, Plano Piloto, DF;Setor Sintético F, Q12, L032, Plano Piloto, DF;BAIXADA;ATIVA;9065.21;6251.87;multiplas;1;1;1;alta;1
CASE-0192;SYN-CNPJ-000192;Empresa Sintética 0192;Taguatinga;Setor Sintético A, Q13, L033, Taguatinga, DF;Setor Sintético A, Q13, L033, Taguatinga, DF;BAIXADA;BAIXADA;24470.09;24469.27;ambiguo;0;0;0;baixa;0
CASE-0193;SYN-CNPJ-000193;Empresa Sintética 0193;Ceilândia;Setor Sintético B, Q14, L034, Ceilândia, DF;Setor Sintético B, Q14, L034, Ceilândia, DF;ATIVA;ATIVA;22633.89;22633.89;consistente;0;0;0;nenhuma;0
CASE-0194;SYN-CNPJ-000194;Empresa Sintética 0194;Plano Piloto;Setor Sintético C, Q15, L035, Plano Piloto, DF;Setor Sintético C, Q15, L035, Plano Piloto, DF;ATIVA;ATIVA;9282.35;9282.35;consistente;0;0;0;nenhuma;0
CASE-0195;SYN-CNPJ-000195;Empresa Sintética 0195;Águas Claras;Setor Sintético D, Q16, L036, Águas Claras, DF;Setor Sintético D, Q16, L036, Águas Claras, DF;ATIVA;BAIXADA;14365.24;14365.24;cadastral;1;0;0;media;1
CASE-0196;SYN-CNPJ-000196;Empresa Sintética 0196;Ceilândia;Setor Sintético E, Q17, L037, Ceilândia, DF;Setor Sintético E, Q17, L037, Ceilândia, DF;ATIVA;ATIVA;3408.61;2434.72;valor;0;0;1;media;1
CASE-0197;SYN-CNPJ-000197;Empresa Sintética 0197;Águas Claras;Setor Sintético Divergente, Q23, L058, Águas Claras, DF;Setor Sintético F, Q18, L038, Águas Claras, DF;BAIXADA;BAIXADA;22864.31;22864.31;territorial;0;1;0;media;1
CASE-0198;SYN-CNPJ-000198;Empresa Sintética 0198;Sobradinho;Setor Sintético A, Q19, L039, Sobradinho, DF;Setor Sintético A, Q19, L039, Sobradinho, DF;ATIVA;ATIVA;11759.48;11759.48;consistente;0;0;0;nenhuma;0
CASE-0199;SYN-CNPJ-000199;Empresa Sintética 0199;Sobradinho;Setor Sintético Divergente, Q25, L060, Sobradinho, DF;Setor Sintético B, Q20, L040, Sobradinho, DF;ATIVA;ATIVA;17101.47;17101.47;territorial;0;1;0;media;1
CASE-0200;SYN-CNPJ-000200;Empresa Sintética 0200;Sobradinho;Setor Sintético C, Q21, L041, Sobradinho, DF;Setor Sintético C, Q21, L041, Sobradinho, DF;ATIVA;ATIVA;24697.47;24697.47;consistente;0;0;0;nenhuma;0
CASE-0201;SYN-CNPJ-000201;Empresa Sintética 0201;Gama;Setor Sintético D, Q22, L042, Gama, DF;Setor Sintético D, Q22, L042, Gama, DF;ATIVA;ATIVA;11692.48;11692.48;consistente;0;0;0;nenhuma;0
CASE-0202;SYN-CNPJ-000202;Empresa Sintética 0202;Gama;Setor Sintético E, Q23, L043, Gama, DF;Setor Sintético E, Q23, L043, Gama, DF;BAIXADA;BAIXADA;3113.01;3113.01;consistente;0;0;0;nenhuma;0
CASE-0203;SYN-CNPJ-000203;Empresa Sintética 0203;Samambaia;Setor Sintético F, Q24, L044, Samambaia, DF;Setor Sintético F, Q24, L044, Samambaia, DF;ATIVA;ATIVA;24820.96;24820.96;consistente;0;0;0;nenhuma;0
CASE-0204;SYN-CNPJ-000204;Empresa Sintética 0204;Gama;Setor Sintético A, Q25, L045, Gama, DF;Setor Sintético A, Q25, L045, Gama, DF;ATIVA;ATIVA;698.4;698.4;consistente;0;0;0;nenhuma;0
CASE-0205;SYN-CNPJ-000205;Empresa Sintética 0205;Plano Piloto;Setor Sintético Divergente, Q06, L066, Plano Piloto, DF;Setor Sintético B, Q26, L046, Plano Piloto, DF;ATIVA;BAIXADA;30311.6;20904.55;multiplas;1;1;1;alta;1
CASE-0206;SYN-CNPJ-000206;Empresa Sintética 0206;Águas Claras;Setor Sintético C, Q27, L047, Águas Claras, DF;Setor Sintético C, Q27, L047, Águas Claras, DF;ATIVA;ATIVA;4399.21;5865.61;valor;0;0;1;media;1
CASE-0207;SYN-CNPJ-000207;Empresa Sintética 0207;Ceilândia;Setor Sintético Divergente, Q08, L068, Ceilândia, DF;Setor Sintético D, Q28, L048, Ceilândia, DF;ATIVA;ATIVA;22633.39;22633.39;territorial;0;1;0;media;1
CASE-0208;SYN-CNPJ-000208;Empresa Sintética 0208;Guará;Setor Sintético Divergente, Q09, L069, Guará, DF;Setor Sintético E, Q29, L049, Guará, DF;BAIXADA;BAIXADA;1317.43;1317.43;territorial;0;1;0;media;1
CASE-0209;SYN-CNPJ-000209;Empresa Sintética 0209;Ceilândia;Setor Sintético F, Q30, L050, Ceilândia, DF;Setor Sintético F, Q30, L050, Ceilândia, DF;ATIVA;ATIVA;22785.88;22785.88;consistente;0;0;0;nenhuma;0
CASE-0210;SYN-CNPJ-000210;Empresa Sintética 0210;Gama;Setor Sintético A, Q01, L051, Gama, DF;Setor Sintético A, Q01, L051, Gama, DF;ATIVA;ATIVA;5419.47;5419.47;consistente;0;0;0;nenhuma;0
CASE-0211;SYN-CNPJ-000211;Empresa Sintética 0211;Samambaia;Setor Sintético B, Q02, L052, Samambaia, DF;Setor Sintético B, Q02, L052, Samambaia, DF;ATIVA;ATIVA;26058.23;20846.58;valor;0;0;1;media;1
CASE-0212;SYN-CNPJ-000212;Empresa Sintética 0212;Sobradinho;Setor Sintético Divergente, Q13, L003, Sobradinho, DF;Setor Sintético C, Q03, L053, Sobradinho, DF;BAIXADA;ATIVA;27246.51;18790.7;multiplas;1;1;1;alta;1
CASE-0213;SYN-CNPJ-000213;Empresa Sintética 0213;Sobradinho;Setor Sintético Divergente, Q14, L004, Sobradinho, DF;Setor Sintético D, Q04, L054, Sobradinho, DF;BAIXADA;ATIVA;2369.13;3948.55;multiplas;1;1;1;alta;1
CASE-0214;SYN-CNPJ-000214;Empresa Sintética 0214;Gama;Setor Sintético Divergente, Q15, L005, Gama, DF;Setor Sintético E, Q05, L055, Gama, DF;BAIXADA;ATIVA;3933.01;2712.42;multiplas;1;1;1;alta;1
CASE-0215;SYN-CNPJ-000215;Empresa Sintética 0215;Taguatinga;Setor Sintético F, Q06, L056, Taguatinga, DF;Setor Sintético F, Q06, L056, Taguatinga, DF;BAIXADA;BAIXADA;9530.35;9530.35;consistente;0;0;0;nenhuma;0
CASE-0216;SYN-CNPJ-000216;Empresa Sintética 0216;Guará;Setor Sintético A, Q07, L057, Guará, DF;Setor Sintético A, Q07, L057, Guará, DF;BAIXADA;BAIXADA;25811.53;20649.22;valor;0;0;1;media;1
CASE-0217;SYN-CNPJ-000217;Empresa Sintética 0217;Águas Claras;Setor Sintético B, Q08, L058, Águas Claras, DF;Setor Sintético B, Q08, L058, Águas Claras, DF;BAIXADA;BAIXADA;1113.1;1113.1;consistente;0;0;0;nenhuma;0
CASE-0218;SYN-CNPJ-000218;Empresa Sintética 0218;Samambaia;Setor Sintético Divergente, Q19, L009, Samambaia, DF;Setor Sintético C, Q09, L059, Samambaia, DF;BAIXADA;ATIVA;23732.85;16367.48;multiplas;1;1;1;alta;1
CASE-0219;SYN-CNPJ-000219;Empresa Sintética 0219;Guará;Setor Sintético Divergente, Q20, L010, Guará, DF;Setor Sintético D, Q10, L060, Guará, DF;ATIVA;BAIXADA;2015.14;3358.56;multiplas;1;1;1;alta;1
CASE-0220;SYN-CNPJ-000220;Empresa Sintética 0220;Guará;Set. Sintético E, Q11, L061, Guará, DF;Setor Sintético E, Q11, L061, Guará, DF;BAIXADA;BAIXADA;3345.1;3344.95;ambiguo;0;0;0;baixa;0
CASE-0221;SYN-CNPJ-000221;Empresa Sintética 0221;Samambaia;Setor Sintético F, Q12, L062, Samambaia, DF;Setor Sintético F, Q12, L062, Samambaia, DF;BAIXADA;BAIXADA;14889.84;14889.84;consistente;0;0;0;nenhuma;0
CASE-0222;SYN-CNPJ-000222;Empresa Sintética 0222;Gama;Setor Sintético A, Q13, L063, Gama, DF;Setor Sintético A, Q13, L063, Gama, DF;ATIVA;ATIVA;29295.67;20925.48;valor;0;0;1;media;1
CASE-0223;SYN-CNPJ-000223;Empresa Sintética 0223;Guará;Set. Sintético B, Q14, L064, Guará, DF;Setor Sintético B, Q14, L064, Guará, DF;ATIVA;ATIVA;17411.66;17411.88;ambiguo;0;0;0;baixa;0
CASE-0224;SYN-CNPJ-000224;Empresa Sintética 0224;Samambaia;Setor Sintético C, Q15, L065, Samambaia, DF;Setor Sintético C, Q15, L065, Samambaia, DF;ATIVA;ATIVA;24532.73;24532.73;consistente;0;0;0;nenhuma;0
CASE-0225;SYN-CNPJ-000225;Empresa Sintética 0225;Samambaia;Setor Sintético D, Q16, L066, Samambaia, DF;Setor Sintético D, Q16, L066, Samambaia, DF;ATIVA;ATIVA;10254.42;10254.42;consistente;0;0;0;nenhuma;0
CASE-0226;SYN-CNPJ-000226;Empresa Sintética 0226;Taguatinga;Setor Sintético E, Q17, L067, Taguatinga, DF;Setor Sintético E, Q17, L067, Taguatinga, DF;BAIXADA;BAIXADA;2746.0;2746.0;consistente;0;0;0;nenhuma;0
CASE-0227;SYN-CNPJ-000227;Empresa Sintética 0227;Plano Piloto;Setor Sintético F, Q18, L068, Plano Piloto, DF;Setor Sintético F, Q18, L068, Plano Piloto, DF;ATIVA;ATIVA;19776.47;19776.47;consistente;0;0;0;nenhuma;0
CASE-0228;SYN-CNPJ-000228;Empresa Sintética 0228;Ceilândia;Setor Sintético A, Q19, L069, Ceilândia, DF;Setor Sintético A, Q19, L069, Ceilândia, DF;ATIVA;ATIVA;2180.95;2180.95;consistente;0;0;0;nenhuma;0
CASE-0229;SYN-CNPJ-000229;Empresa Sintética 0229;Águas Claras;Setor Sintético B, Q20, L070, Águas Claras, DF;Setor Sintético B, Q20, L070, Águas Claras, DF;ATIVA;ATIVA;15314.85;20419.8;valor;0;0;1;media;1
CASE-0230;SYN-CNPJ-000230;Empresa Sintética 0230;Ceilândia;Setor Sintético C, Q21, L071, Ceilândia, DF;Setor Sintético C, Q21, L071, Ceilândia, DF;ATIVA;ATIVA;7293.23;7293.23;consistente;0;0;0;nenhuma;0
CASE-0231;SYN-CNPJ-000231;Empresa Sintética 0231;Ceilândia;Set. Sintético D, Q22, L072, Ceilândia, DF;Setor Sintético D, Q22, L072, Ceilândia, DF;ATIVA;ATIVA;20065.06;20063.59;ambiguo;0;0;0;baixa;0
CASE-0232;SYN-CNPJ-000232;Empresa Sintética 0232;Samambaia;Setor Sintético E, Q23, L073, Samambaia, DF;Setor Sintético E, Q23, L073, Samambaia, DF;ATIVA;ATIVA;14926.9;14926.9;consistente;0;0;0;nenhuma;0
CASE-0233;SYN-CNPJ-000233;Empresa Sintética 0233;Guará;Setor Sintético F, Q24, L074, Guará, DF;Setor Sintético F, Q24, L074, Guará, DF;ATIVA;ATIVA;3605.58;3605.58;consistente;0;0;0;nenhuma;0
CASE-0234;SYN-CNPJ-000234;Empresa Sintética 0234;Taguatinga;Setor Sintético A, Q25, L075, Taguatinga, DF;Setor Sintético A, Q25, L075, Taguatinga, DF;BAIXADA;ATIVA;12168.03;12168.03;cadastral;1;0;0;media;1
CASE-0235;SYN-CNPJ-000235;Empresa Sintética 0235;Taguatinga;Setor Sintético B, Q26, L076, Taguatinga, DF;Setor Sintético B, Q26, L076, Taguatinga, DF;BAIXADA;BAIXADA;8348.63;12844.05;valor;0;0;1;media;1
CASE-0236;SYN-CNPJ-000236;Empresa Sintética 0236;Guará;Setor Sintético C, Q27, L077, Guará, DF;Setor Sintético C, Q27, L077, Guará, DF;BAIXADA;BAIXADA;10570.2;16261.85;valor;0;0;1;media;1
CASE-0237;SYN-CNPJ-000237;Empresa Sintética 0237;Sobradinho;Setor Sintético D, Q28, L078, Sobradinho, DF;Setor Sintético D, Q28, L078, Sobradinho, DF;BAIXADA;BAIXADA;10943.7;10943.7;consistente;0;0;0;nenhuma;0
CASE-0238;SYN-CNPJ-000238;Empresa Sintética 0238;Sobradinho;Setor Sintético E, Q29, L079, Sobradinho, DF;Setor Sintético E, Q29, L079, Sobradinho, DF;ATIVA;ATIVA;22532.04;22532.04;consistente;0;0;0;nenhuma;0
CASE-0239;SYN-CNPJ-000239;Empresa Sintética 0239;Ceilândia;Setor Sintético F, Q30, L080, Ceilândia, DF;Setor Sintético F, Q30, L080, Ceilândia, DF;ATIVA;ATIVA;3591.69;3591.69;consistente;0;0;0;nenhuma;0
CASE-0240;SYN-CNPJ-000240;Empresa Sintética 0240;Samambaia;Setor Sintético Divergente, Q16, L031, Samambaia, DF;Setor Sintético A, Q01, L001, Samambaia, DF;BAIXADA;BAIXADA;24868.38;24868.38;territorial;0;1;0;media;1
CASE-0241;SYN-CNPJ-000241;Empresa Sintética 0241;Sobradinho;Setor Sintético B, Q02, L002, Sobradinho, DF;Setor Sintético B, Q02, L002, Sobradinho, DF;ATIVA;BAIXADA;2929.87;2929.87;cadastral;1;0;0;media;1
CASE-0242;SYN-CNPJ-000242;Empresa Sintética 0242;Águas Claras;Setor Sintético C, Q03, L003, Águas Claras, DF;Setor Sintético C, Q03, L003, Águas Claras, DF;BAIXADA;BAIXADA;8672.33;11563.1;valor;0;0;1;media;1
CASE-0243;SYN-CNPJ-000243;Empresa Sintética 0243;Sobradinho;Setor Sintético D, Q04, L004, Sobradinho, DF;Setor Sintético D, Q04, L004, Sobradinho, DF;ATIVA;BAIXADA;10691.75;10691.75;cadastral;1;0;0;media;1
CASE-0244;SYN-CNPJ-000244;Empresa Sintética 0244;Gama;Setor Sintético E, Q05, L005, Gama, DF;Setor Sintético E, Q05, L005, Gama, DF;ATIVA;ATIVA;16795.14;16795.14;consistente;0;0;0;nenhuma;0
CASE-0245;SYN-CNPJ-000245;Empresa Sintética 0245;Ceilândia;Setor Sintético F, Q06, L006, Ceilândia, DF;Setor Sintético F, Q06, L006, Ceilândia, DF;BAIXADA;BAIXADA;2144.77;2144.77;consistente;0;0;0;nenhuma;0
CASE-0246;SYN-CNPJ-000246;Empresa Sintética 0246;Taguatinga;Setor Sintético Divergente, Q22, L037, Taguatinga, DF;Setor Sintético A, Q07, L007, Taguatinga, DF;ATIVA;BAIXADA;4155.45;2865.83;multiplas;1;1;1;alta;1
CASE-0247;SYN-CNPJ-000247;Empresa Sintética 0247;Plano Piloto;Setor Sintético Divergente, Q23, L038, Plano Piloto, DF;Setor Sintético B, Q08, L008, Plano Piloto, DF;BAIXADA;ATIVA;24527.21;16915.32;multiplas;1;1;1;alta;1
CASE-0248;SYN-CNPJ-000248;Empresa Sintética 0248;Gama;Setor Sintético C, Q09, L009, Gama, DF;Setor Sintético C, Q09, L009, Gama, DF;ATIVA;ATIVA;24225.77;24225.77;consistente;0;0;0;nenhuma;0
CASE-0249;SYN-CNPJ-000249;Empresa Sintética 0249;Samambaia;Setor Sintético Divergente, Q25, L040, Samambaia, DF;Setor Sintético D, Q10, L010, Samambaia, DF;ATIVA;ATIVA;14659.0;14659.0;territorial;0;1;0;media;1
CASE-0250;SYN-CNPJ-000250;Empresa Sintética 0250;Sobradinho;Setor Sintético E, Q11, L011, Sobradinho, DF;Setor Sintético E, Q11, L011, Sobradinho, DF;ATIVA;ATIVA;21258.23;21258.23;consistente;0;0;0;nenhuma;0
CASE-0251;SYN-CNPJ-000251;Empresa Sintética 0251;Samambaia;Setor Sintético F, Q12, L012, Samambaia, DF;Setor Sintético F, Q12, L012, Samambaia, DF;ATIVA;ATIVA;19183.84;19183.84;consistente;0;0;0;nenhuma;0
CASE-0252;SYN-CNPJ-000252;Empresa Sintética 0252;Gama;Setor Sintético Divergente, Q03, L043, Gama, DF;Setor Sintético A, Q13, L013, Gama, DF;ATIVA;ATIVA;15420.38;15420.38;territorial;0;1;0;media;1
CASE-0253;SYN-CNPJ-000253;Empresa Sintética 0253;Guará;Setor Sintético Divergente, Q04, L044, Guará, DF;Setor Sintético B, Q14, L014, Guará, DF;ATIVA;ATIVA;4920.19;4920.19;territorial;0;1;0;media;1
CASE-0254;SYN-CNPJ-000254;Empresa Sintética 0254;Guará;Setor Sintético C, Q15, L015, Guará, DF;Setor Sintético C, Q15, L015, Guará, DF;ATIVA;ATIVA;6825.05;9100.07;valor;0;0;1;media;1
CASE-0255;SYN-CNPJ-000255;Empresa Sintética 0255;Gama;Setor Sintético Divergente, Q06, L046, Gama, DF;Setor Sintético D, Q16, L016, Gama, DF;BAIXADA;ATIVA;2385.56;3975.93;multiplas;1;1;1;alta;1
CASE-0256;SYN-CNPJ-000256;Empresa Sintética 0256;Águas Claras;Setor Sintético E, Q17, L017, Águas Claras, DF;Setor Sintético E, Q17, L017, Águas Claras, DF;BAIXADA;BAIXADA;10785.9;10785.9;consistente;0;0;0;nenhuma;0
CASE-0257;SYN-CNPJ-000257;Empresa Sintética 0257;Samambaia;Setor Sintético F, Q18, L018, Samambaia, DF;Setor Sintético F, Q18, L018, Samambaia, DF;ATIVA;ATIVA;18179.1;18179.1;consistente;0;0;0;nenhuma;0
CASE-0258;SYN-CNPJ-000258;Empresa Sintética 0258;Taguatinga;Setor Sintético A, Q19, L019, Taguatinga, DF;Setor Sintético A, Q19, L019, Taguatinga, DF;ATIVA;ATIVA;2802.61;4311.71;valor;0;0;1;media;1
CASE-0259;SYN-CNPJ-000259;Empresa Sintética 0259;Guará;Setor Sintético Divergente, Q10, L050, Guará, DF;Setor Sintético B, Q20, L020, Guará, DF;BAIXADA;BAIXADA;16717.5;16717.5;territorial;0;1;0;media;1
CASE-0260;SYN-CNPJ-000260;Empresa Sintética 0260;Sobradinho;Setor Sintético C, Q21, L021, Sobradinho, DF;Setor Sintético C, Q21, L021, Sobradinho, DF;ATIVA;BAIXADA;7192.59;7192.59;cadastral;1;0;0;media;1
CASE-0261;SYN-CNPJ-000261;Empresa Sintética 0261;Taguatinga;Setor Sintético D, Q22, L022, Taguatinga, DF;Setor Sintético D, Q22, L022, Taguatinga, DF;ATIVA;ATIVA;13791.1;11032.88;valor;0;0;1;media;1
CASE-0262;SYN-CNPJ-000262;Empresa Sintética 0262;Sobradinho;Setor Sintético Divergente, Q13, L053, Sobradinho, DF;Setor Sintético E, Q23, L023, Sobradinho, DF;ATIVA;ATIVA;1612.73;1612.73;territorial;0;1;0;media;1
CASE-0263;SYN-CNPJ-000263;Empresa Sintética 0263;Plano Piloto;Setor Sintético F, Q24, L024, Plano Piloto, DF;Setor Sintético F, Q24, L024, Plano Piloto, DF;ATIVA;ATIVA;5508.37;5508.37;consistente;0;0;0;nenhuma;0
CASE-0264;SYN-CNPJ-000264;Empresa Sintética 0264;Ceilândia;Set. Sintético A, Q25, L025, Ceilândia, DF;Setor Sintético A, Q25, L025, Ceilândia, DF;ATIVA;ATIVA;7591.44;7591.45;ambiguo;0;0;0;baixa;0
CASE-0265;SYN-CNPJ-000265;Empresa Sintética 0265;Ceilândia;Setor Sintético B, Q26, L026, Ceilândia, DF;Setor Sintético B, Q26, L026, Ceilândia, DF;ATIVA;BAIXADA;13548.27;13548.27;cadastral;1;0;0;media;1
CASE-0266;SYN-CNPJ-000266;Empresa Sintética 0266;Samambaia;Setor Sintético C, Q27, L027, Samambaia, DF;Setor Sintético C, Q27, L027, Samambaia, DF;ATIVA;ATIVA;10228.24;10228.24;consistente;0;0;0;nenhuma;0
CASE-0267;SYN-CNPJ-000267;Empresa Sintética 0267;Gama;Setor Sintético D, Q28, L028, Gama, DF;Setor Sintético D, Q28, L028, Gama, DF;ATIVA;ATIVA;7646.59;11763.98;valor;0;0;1;media;1
CASE-0268;SYN-CNPJ-000268;Empresa Sintética 0268;Gama;Setor Sintético Divergente, Q19, L059, Gama, DF;Setor Sintético E, Q29, L029, Gama, DF;ATIVA;BAIXADA;25929.94;17882.72;multiplas;1;1;1;alta;1
CASE-0269;SYN-CNPJ-000269;Empresa Sintética 0269;Gama;Setor Sintético F, Q30, L030, Gama, DF;Setor Sintético F, Q30, L030, Gama, DF;ATIVA;ATIVA;24171.89;24171.89;consistente;0;0;0;nenhuma;0
CASE-0270;SYN-CNPJ-000270;Empresa Sintética 0270;Sobradinho;Setor Sintético A, Q01, L031, Sobradinho, DF;Setor Sintético A, Q01, L031, Sobradinho, DF;ATIVA;ATIVA;2659.18;2659.18;consistente;0;0;0;nenhuma;0
CASE-0271;SYN-CNPJ-000271;Empresa Sintética 0271;Águas Claras;Setor Sintético Divergente, Q22, L062, Águas Claras, DF;Setor Sintético B, Q02, L032, Águas Claras, DF;ATIVA;BAIXADA;8956.41;14927.35;multiplas;1;1;1;alta;1
CASE-0272;SYN-CNPJ-000272;Empresa Sintética 0272;Guará;Setor Sintético C, Q03, L033, Guará, DF;Setor Sintético C, Q03, L033, Guará, DF;ATIVA;ATIVA;5928.52;5928.52;consistente;0;0;0;nenhuma;0
CASE-0273;SYN-CNPJ-000273;Empresa Sintética 0273;Taguatinga;Setor Sintético D, Q04, L034, Taguatinga, DF;Setor Sintético D, Q04, L034, Taguatinga, DF;ATIVA;ATIVA;10124.86;13499.82;valor;0;0;1;media;1
CASE-0274;SYN-CNPJ-000274;Empresa Sintética 0274;Samambaia;Setor Sintético Divergente, Q25, L065, Samambaia, DF;Setor Sintético E, Q05, L035, Samambaia, DF;BAIXADA;ATIVA;10992.47;18320.79;multiplas;1;1;1;alta;1
CASE-0275;SYN-CNPJ-000275;Empresa Sintética 0275;Ceilândia;Setor Sintético F, Q06, L036, Ceilândia, DF;Setor Sintético F, Q06, L036, Ceilândia, DF;ATIVA;ATIVA;5333.16;5333.16;consistente;0;0;0;nenhuma;0
CASE-0276;SYN-CNPJ-000276;Empresa Sintética 0276;Taguatinga;Setor Sintético Divergente, Q02, L067, Taguatinga, DF;Setor Sintético A, Q07, L037, Taguatinga, DF;ATIVA;ATIVA;23806.66;23806.66;territorial;0;1;0;media;1
CASE-0277;SYN-CNPJ-000277;Empresa Sintética 0277;Sobradinho;Setor Sintético Divergente, Q03, L068, Sobradinho, DF;Setor Sintético B, Q08, L038, Sobradinho, DF;BAIXADA;BAIXADA;17187.77;17187.77;territorial;0;1;0;media;1
CASE-0278;SYN-CNPJ-000278;Empresa Sintética 0278;Samambaia;Setor Sintético Divergente, Q04, L069, Samambaia, DF;Setor Sintético C, Q09, L039, Samambaia, DF;BAIXADA;ATIVA;2519.08;4198.46;multiplas;1;1;1;alta;1
CASE-0279;SYN-CNPJ-000279;Empresa Sintética 0279;Guará;Setor Sintético D, Q10, L040, Guará, DF;Setor Sintético D, Q10, L040, Guará, DF;BAIXADA;ATIVA;14989.78;14989.78;cadastral;1;0;0;media;1
CASE-0280;SYN-CNPJ-000280;Empresa Sintética 0280;Taguatinga;Setor Sintético E, Q11, L041, Taguatinga, DF;Setor Sintético E, Q11, L041, Taguatinga, DF;ATIVA;ATIVA;11812.69;11812.69;consistente;0;0;0;nenhuma;0
CASE-0281;SYN-CNPJ-000281;Empresa Sintética 0281;Samambaia;Setor Sintético F, Q12, L042, Samambaia, DF;Setor Sintético F, Q12, L042, Samambaia, DF;ATIVA;ATIVA;2379.91;2379.91;consistente;0;0;0;nenhuma;0
CASE-0282;SYN-CNPJ-000282;Empresa Sintética 0282;Taguatinga;Setor Sintético Divergente, Q08, L003, Taguatinga, DF;Setor Sintético A, Q13, L043, Taguatinga, DF;ATIVA;BAIXADA;7101.86;11836.44;multiplas;1;1;1;alta;1
CASE-0283;SYN-CNPJ-000283;Empresa Sintética 0283;Águas Claras;Setor Sintético B, Q14, L044, Águas Claras, DF;Setor Sintético B, Q14, L044, Águas Claras, DF;BAIXADA;ATIVA;15322.64;15322.64;cadastral;1;0;0;media;1
CASE-0284;SYN-CNPJ-000284;Empresa Sintética 0284;Plano Piloto;Setor Sintético C, Q15, L045, Plano Piloto, DF;Setor Sintético C, Q15, L045, Plano Piloto, DF;ATIVA;BAIXADA;3035.8;3035.8;cadastral;1;0;0;media;1
CASE-0285;SYN-CNPJ-000285;Empresa Sintética 0285;Samambaia;Setor Sintético Divergente, Q11, L006, Samambaia, DF;Setor Sintético D, Q16, L046, Samambaia, DF;BAIXADA;ATIVA;7716.87;12861.45;multiplas;1;1;1;alta;1
CASE-0286;SYN-CNPJ-000286;Empresa Sintética 0286;Sobradinho;Setor Sintético E, Q17, L047, Sobradinho, DF;Setor Sintético E, Q17, L047, Sobradinho, DF;BAIXADA;BAIXADA;13339.68;13339.68;consistente;0;0;0;nenhuma;0
CASE-0287;SYN-CNPJ-000287;Empresa Sintética 0287;Samambaia;Setor Sintético Divergente, Q13, L008, Samambaia, DF;Setor Sintético F, Q18, L048, Samambaia, DF;ATIVA;ATIVA;22989.45;22989.45;territorial;0;1;0;media;1
CASE-0288;SYN-CNPJ-000288;Empresa Sintética 0288;Samambaia;Setor Sintético A, Q19, L049, Samambaia, DF;Setor Sintético A, Q19, L049, Samambaia, DF;ATIVA;ATIVA;19836.06;19836.06;consistente;0;0;0;nenhuma;0
CASE-0289;SYN-CNPJ-000289;Empresa Sintética 0289;Taguatinga;Setor Sintético Divergente, Q15, L010, Taguatinga, DF;Setor Sintético B, Q20, L050, Taguatinga, DF;ATIVA;ATIVA;2815.4;2815.4;territorial;0;1;0;media;1
CASE-0290;SYN-CNPJ-000290;Empresa Sintética 0290;Guará;Setor Sintético Divergente, Q16, L011, Guará, DF;Setor Sintético C, Q21, L051, Guará, DF;ATIVA;ATIVA;18231.47;18231.47;territorial;0;1;0;media;1
CASE-0291;SYN-CNPJ-000291;Empresa Sintética 0291;Ceilândia;Setor Sintético Divergente, Q17, L012, Ceilândia, DF;Setor Sintético D, Q22, L052, Ceilândia, DF;ATIVA;ATIVA;2496.8;2496.8;territorial;0;1;0;media;1
CASE-0292;SYN-CNPJ-000292;Empresa Sintética 0292;Samambaia;Setor Sintético Divergente, Q18, L013, Samambaia, DF;Setor Sintético E, Q23, L053, Samambaia, DF;ATIVA;ATIVA;24208.56;24208.56;territorial;0;1;0;media;1
CASE-0293;SYN-CNPJ-000293;Empresa Sintética 0293;Gama;Setor Sintético Divergente, Q19, L014, Gama, DF;Setor Sintético F, Q24, L054, Gama, DF;ATIVA;ATIVA;15078.51;15078.51;territorial;0;1;0;media;1
CASE-0294;SYN-CNPJ-000294;Empresa Sintética 0294;Guará;Set. Sintético A, Q25, L055, Guará, DF;Setor Sintético A, Q25, L055, Guará, DF;BAIXADA;BAIXADA;16264.09;16265.58;ambiguo;0;0;0;baixa;0
CASE-0295;SYN-CNPJ-000295;Empresa Sintética 0295;Taguatinga;Setor Sintético B, Q26, L056, Taguatinga, DF;Setor Sintético B, Q26, L056, Taguatinga, DF;BAIXADA;BAIXADA;8422.68;12957.97;valor;0;0;1;media;1
CASE-0296;SYN-CNPJ-000296;Empresa Sintética 0296;Ceilândia;Setor Sintético C, Q27, L057, Ceilândia, DF;Setor Sintético C, Q27, L057, Ceilândia, DF;ATIVA;ATIVA;8872.44;8872.44;consistente;0;0;0;nenhuma;0
CASE-0297;SYN-CNPJ-000297;Empresa Sintética 0297;Águas Claras;Setor Sintético D, Q28, L058, Águas Claras, DF;Setor Sintético D, Q28, L058, Águas Claras, DF;ATIVA;ATIVA;18749.57;24999.43;valor;0;0;1;media;1
CASE-0298;SYN-CNPJ-000298;Empresa Sintética 0298;Taguatinga;Setor Sintético E, Q29, L059, Taguatinga, DF;Setor Sintético E, Q29, L059, Taguatinga, DF;ATIVA;ATIVA;16717.27;16717.27;consistente;0;0;0;nenhuma;0
CASE-0299;SYN-CNPJ-000299;Empresa Sintética 0299;Ceilândia;Setor Sintético Divergente, Q25, L020, Ceilândia, DF;Setor Sintético F, Q30, L060, Ceilândia, DF;ATIVA;BAIXADA;2567.51;4279.19;multiplas;1;1;1;alta;1
CASE-0300;SYN-CNPJ-000300;Empresa Sintética 0300;Ceilândia;Setor Sintético Divergente, Q01, L021, Ceilândia, DF;Setor Sintético A, Q01, L061, Ceilândia, DF;ATIVA;BAIXADA;2277.17;1570.46;multiplas;1;1;1;alta;1
CASE-0301;SYN-CNPJ-000301;Empresa Sintética 0301;Águas Claras;Setor Sintético Divergente, Q02, L022, Águas Claras, DF;Setor Sintético B, Q02, L062, Águas Claras, DF;BAIXADA;BAIXADA;15459.59;15459.59;territorial;0;1;0;media;1
CASE-0302;SYN-CNPJ-000302;Empresa Sintética 0302;Sobradinho;Setor Sintético C, Q03, L063, Sobradinho, DF;Setor Sintético C, Q03, L063, Sobradinho, DF;ATIVA;ATIVA;16979.09;13583.27;valor;0;0;1;media;1
CASE-0303;SYN-CNPJ-000303;Empresa Sintética 0303;Sobradinho;Setor Sintético D, Q04, L064, Sobradinho, DF;Setor Sintético D, Q04, L064, Sobradinho, DF;ATIVA;ATIVA;9514.04;9512.1;ambiguo;0;0;0;baixa;0
CASE-0304;SYN-CNPJ-000304;Empresa Sintética 0304;Guará;Setor Sintético E, Q05, L065, Guará, DF;Setor Sintético E, Q05, L065, Guará, DF;ATIVA;BAIXADA;12821.21;12821.21;cadastral;1;0;0;media;1
CASE-0305;SYN-CNPJ-000305;Empresa Sintética 0305;Ceilândia;Setor Sintético F, Q06, L066, Ceilândia, DF;Setor Sintético F, Q06, L066, Ceilândia, DF;BAIXADA;ATIVA;20130.85;20130.85;cadastral;1;0;0;media;1
CASE-0306;SYN-CNPJ-000306;Empresa Sintética 0306;Guará;Setor Sintético A, Q07, L067, Guará, DF;Setor Sintético A, Q07, L067, Guará, DF;ATIVA;ATIVA;16208.89;16208.89;consistente;0;0;0;nenhuma;0
CASE-0307;SYN-CNPJ-000307;Empresa Sintética 0307;Taguatinga;Setor Sintético Divergente, Q08, L028, Taguatinga, DF;Setor Sintético B, Q08, L068, Taguatinga, DF;BAIXADA;ATIVA;4490.42;7484.04;multiplas;1;1;1;alta;1
CASE-0308;SYN-CNPJ-000308;Empresa Sintética 0308;Ceilândia;Setor Sintético C, Q09, L069, Ceilândia, DF;Setor Sintético C, Q09, L069, Ceilândia, DF;BAIXADA;BAIXADA;2746.98;2746.98;consistente;0;0;0;nenhuma;0
CASE-0309;SYN-CNPJ-000309;Empresa Sintética 0309;Sobradinho;Setor Sintético Divergente, Q10, L030, Sobradinho, DF;Setor Sintético D, Q10, L070, Sobradinho, DF;BAIXADA;ATIVA;33780.01;23296.56;multiplas;1;1;1;alta;1
CASE-0310;SYN-CNPJ-000310;Empresa Sintética 0310;Samambaia;Setor Sintético E, Q11, L071, Samambaia, DF;Setor Sintético E, Q11, L071, Samambaia, DF;ATIVA;ATIVA;9961.07;9961.07;consistente;0;0;0;nenhuma;0
CASE-0311;SYN-CNPJ-000311;Empresa Sintética 0311;Águas Claras;Setor Sintético F, Q12, L072, Águas Claras, DF;Setor Sintético F, Q12, L072, Águas Claras, DF;ATIVA;ATIVA;8307.78;8307.78;consistente;0;0;0;nenhuma;0
CASE-0312;SYN-CNPJ-000312;Empresa Sintética 0312;Samambaia;Setor Sintético A, Q13, L073, Samambaia, DF;Setor Sintético A, Q13, L073, Samambaia, DF;ATIVA;ATIVA;3871.19;3871.19;consistente;0;0;0;nenhuma;0
CASE-0313;SYN-CNPJ-000313;Empresa Sintética 0313;Sobradinho;Setor Sintético B, Q14, L074, Sobradinho, DF;Setor Sintético B, Q14, L074, Sobradinho, DF;ATIVA;ATIVA;19091.61;19091.61;consistente;0;0;0;nenhuma;0
CASE-0314;SYN-CNPJ-000314;Empresa Sintética 0314;Plano Piloto;Setor Sintético C, Q15, L075, Plano Piloto, DF;Setor Sintético C, Q15, L075, Plano Piloto, DF;BAIXADA;ATIVA;965.6;965.6;cadastral;1;0;0;media;1
CASE-0315;SYN-CNPJ-000315;Empresa Sintética 0315;Ceilândia;Setor Sintético D, Q16, L076, Ceilândia, DF;Setor Sintético D, Q16, L076, Ceilândia, DF;BAIXADA;BAIXADA;3224.08;3224.08;consistente;0;0;0;nenhuma;0
CASE-0316;SYN-CNPJ-000316;Empresa Sintética 0316;Guará;Setor Sintético E, Q17, L077, Guará, DF;Setor Sintético E, Q17, L077, Guará, DF;ATIVA;ATIVA;1669.86;1669.86;consistente;0;0;0;nenhuma;0
CASE-0317;SYN-CNPJ-000317;Empresa Sintética 0317;Sobradinho;Setor Sintético F, Q18, L078, Sobradinho, DF;Setor Sintético F, Q18, L078, Sobradinho, DF;BAIXADA;ATIVA;3216.02;3216.02;cadastral;1;0;0;media;1
CASE-0318;SYN-CNPJ-000318;Empresa Sintética 0318;Plano Piloto;Setor Sintético Divergente, Q19, L039, Plano Piloto, DF;Setor Sintético A, Q19, L079, Plano Piloto, DF;BAIXADA;ATIVA;26251.29;18104.34;multiplas;1;1;1;alta;1
CASE-0319;SYN-CNPJ-000319;Empresa Sintética 0319;Samambaia;Setor Sintético B, Q20, L080, Samambaia, DF;Setor Sintético B, Q20, L080, Samambaia, DF;BAIXADA;ATIVA;14481.26;14481.26;cadastral;1;0;0;media;1
CASE-0320;SYN-CNPJ-000320;Empresa Sintética 0320;Taguatinga;Setor Sintético C, Q21, L001, Taguatinga, DF;Setor Sintético C, Q21, L001, Taguatinga, DF;ATIVA;ATIVA;2158.14;2158.14;consistente;0;0;0;nenhuma;0
CASE-0321;SYN-CNPJ-000321;Empresa Sintética 0321;Plano Piloto;Setor Sintético D, Q22, L002, Plano Piloto, DF;Setor Sintético D, Q22, L002, Plano Piloto, DF;ATIVA;BAIXADA;21896.62;21896.62;cadastral;1;0;0;media;1
CASE-0322;SYN-CNPJ-000322;Empresa Sintética 0322;Gama;Setor Sintético E, Q23, L003, Gama, DF;Setor Sintético E, Q23, L003, Gama, DF;ATIVA;ATIVA;6714.43;6714.43;consistente;0;0;0;nenhuma;0
CASE-0323;SYN-CNPJ-000323;Empresa Sintética 0323;Taguatinga;Setor Sintético F, Q24, L004, Taguatinga, DF;Setor Sintético F, Q24, L004, Taguatinga, DF;ATIVA;ATIVA;6407.59;6407.59;consistente;0;0;0;nenhuma;0
CASE-0324;SYN-CNPJ-000324;Empresa Sintética 0324;Taguatinga;Setor Sintético Divergente, Q25, L045, Taguatinga, DF;Setor Sintético A, Q25, L005, Taguatinga, DF;ATIVA;ATIVA;3768.53;3768.53;territorial;0;1;0;media;1
CASE-0325;SYN-CNPJ-000325;Empresa Sintética 0325;Samambaia;Setor Sintético B, Q26, L006, Samambaia, DF;Setor Sintético B, Q26, L006, Samambaia, DF;ATIVA;ATIVA;20844.4;20844.4;consistente;0;0;0;nenhuma;0
CASE-0326;SYN-CNPJ-000326;Empresa Sintética 0326;Sobradinho;Setor Sintético Divergente, Q02, L047, Sobradinho, DF;Setor Sintético C, Q27, L007, Sobradinho, DF;ATIVA;ATIVA;20381.69;20381.69;territorial;0;1;0;media;1
CASE-0327;SYN-CNPJ-000327;Empresa Sintética 0327;Sobradinho;Setor Sintético D, Q28, L008, Sobradinho, DF;Setor Sintético D, Q28, L008, Sobradinho, DF;ATIVA;ATIVA;7689.34;7689.34;consistente;0;0;0;nenhuma;0
CASE-0328;SYN-CNPJ-000328;Empresa Sintética 0328;Águas Claras;Setor Sintético E, Q29, L009, Águas Claras, DF;Setor Sintético E, Q29, L009, Águas Claras, DF;ATIVA;ATIVA;8232.1;8232.1;consistente;0;0;0;nenhuma;0
CASE-0329;SYN-CNPJ-000329;Empresa Sintética 0329;Gama;Setor Sintético F, Q30, L010, Gama, DF;Setor Sintético F, Q30, L010, Gama, DF;BAIXADA;BAIXADA;6706.19;6706.19;consistente;0;0;0;nenhuma;0
CASE-0330;SYN-CNPJ-000330;Empresa Sintética 0330;Águas Claras;Setor Sintético A, Q01, L011, Águas Claras, DF;Setor Sintético A, Q01, L011, Águas Claras, DF;ATIVA;ATIVA;6009.82;9245.87;valor;0;0;1;media;1
CASE-0331;SYN-CNPJ-000331;Empresa Sintética 0331;Samambaia;Setor Sintético Divergente, Q07, L052, Samambaia, DF;Setor Sintético B, Q02, L012, Samambaia, DF;BAIXADA;ATIVA;5146.98;3549.64;multiplas;1;1;1;alta;1
CASE-0332;SYN-CNPJ-000332;Empresa Sintética 0332;Gama;Setor Sintético C, Q03, L013, Gama, DF;Setor Sintético C, Q03, L013, Gama, DF;ATIVA;BAIXADA;22418.62;22418.62;cadastral;1;0;0;media;1
CASE-0333;SYN-CNPJ-000333;Empresa Sintética 0333;Ceilândia;Setor Sintético D, Q04, L014, Ceilândia, DF;Setor Sintético D, Q04, L014, Ceilândia, DF;BAIXADA;BAIXADA;17455.68;17455.68;consistente;0;0;0;nenhuma;0
CASE-0334;SYN-CNPJ-000334;Empresa Sintética 0334;Guará;Setor Sintético E, Q05, L015, Guará, DF;Setor Sintético E, Q05, L015, Guará, DF;ATIVA;ATIVA;18313.49;18313.49;consistente;0;0;0;nenhuma;0
CASE-0335;SYN-CNPJ-000335;Empresa Sintética 0335;Ceilândia;Setor Sintético F, Q06, L016, Ceilândia, DF;Setor Sintético F, Q06, L016, Ceilândia, DF;ATIVA;ATIVA;8369.68;8369.68;consistente;0;0;0;nenhuma;0
CASE-0336;SYN-CNPJ-000336;Empresa Sintética 0336;Guará;Setor Sintético A, Q07, L017, Guará, DF;Setor Sintético A, Q07, L017, Guará, DF;ATIVA;ATIVA;11424.94;11424.94;consistente;0;0;0;nenhuma;0
CASE-0337;SYN-CNPJ-000337;Empresa Sintética 0337;Ceilândia;Setor Sintético B, Q08, L018, Ceilândia, DF;Setor Sintético B, Q08, L018, Ceilândia, DF;BAIXADA;BAIXADA;5923.39;9112.9;valor;0;0;1;media;1
CASE-0338;SYN-CNPJ-000338;Empresa Sintética 0338;Samambaia;Setor Sintético C, Q09, L019, Samambaia, DF;Setor Sintético C, Q09, L019, Samambaia, DF;BAIXADA;BAIXADA;4697.3;7226.61;valor;0;0;1;media;1
CASE-0339;SYN-CNPJ-000339;Empresa Sintética 0339;Gama;Setor Sintético D, Q10, L020, Gama, DF;Setor Sintético D, Q10, L020, Gama, DF;ATIVA;ATIVA;13070.61;13070.61;consistente;0;0;0;nenhuma;0
CASE-0340;SYN-CNPJ-000340;Empresa Sintética 0340;Ceilândia;Setor Sintético E, Q11, L021, Ceilândia, DF;Setor Sintético E, Q11, L021, Ceilândia, DF;ATIVA;ATIVA;5597.34;3998.1;valor;0;0;1;media;1
CASE-0341;SYN-CNPJ-000341;Empresa Sintética 0341;Taguatinga;Setor Sintético F, Q12, L022, Taguatinga, DF;Setor Sintético F, Q12, L022, Taguatinga, DF;ATIVA;ATIVA;19573.63;19573.63;consistente;0;0;0;nenhuma;0
CASE-0342;SYN-CNPJ-000342;Empresa Sintética 0342;Gama;Setor Sintético A, Q13, L023, Gama, DF;Setor Sintético A, Q13, L023, Gama, DF;ATIVA;ATIVA;15324.82;15324.82;consistente;0;0;0;nenhuma;0
CASE-0343;SYN-CNPJ-000343;Empresa Sintética 0343;Samambaia;Setor Sintético Divergente, Q19, L064, Samambaia, DF;Setor Sintético B, Q14, L024, Samambaia, DF;ATIVA;ATIVA;11376.51;11376.51;territorial;0;1;0;media;1
CASE-0344;SYN-CNPJ-000344;Empresa Sintética 0344;Ceilândia;Setor Sintético C, Q15, L025, Ceilândia, DF;Setor Sintético C, Q15, L025, Ceilândia, DF;ATIVA;ATIVA;10251.83;10251.83;consistente;0;0;0;nenhuma;0
CASE-0345;SYN-CNPJ-000345;Empresa Sintética 0345;Águas Claras;Setor Sintético Divergente, Q21, L066, Águas Claras, DF;Setor Sintético D, Q16, L026, Águas Claras, DF;ATIVA;ATIVA;1134.88;1134.88;territorial;0;1;0;media;1
CASE-0346;SYN-CNPJ-000346;Empresa Sintética 0346;Gama;Setor Sintético E, Q17, L027, Gama, DF;Setor Sintético E, Q17, L027, Gama, DF;ATIVA;ATIVA;6913.53;6913.53;consistente;0;0;0;nenhuma;0
CASE-0347;SYN-CNPJ-000347;Empresa Sintética 0347;Sobradinho;Setor Sintético F, Q18, L028, Sobradinho, DF;Setor Sintético F, Q18, L028, Sobradinho, DF;ATIVA;ATIVA;24910.95;24910.95;consistente;0;0;0;nenhuma;0
CASE-0348;SYN-CNPJ-000348;Empresa Sintética 0348;Sobradinho;Setor Sintético A, Q19, L029, Sobradinho, DF;Setor Sintético A, Q19, L029, Sobradinho, DF;ATIVA;ATIVA;3504.62;3504.62;consistente;0;0;0;nenhuma;0
CASE-0349;SYN-CNPJ-000349;Empresa Sintética 0349;Sobradinho;Setor Sintético Divergente, Q25, L070, Sobradinho, DF;Setor Sintético B, Q20, L030, Sobradinho, DF;BAIXADA;ATIVA;32650.58;22517.64;multiplas;1;1;1;alta;1
CASE-0350;SYN-CNPJ-000350;Empresa Sintética 0350;Samambaia;Setor Sintético C, Q21, L031, Samambaia, DF;Setor Sintético C, Q21, L031, Samambaia, DF;ATIVA;ATIVA;17882.9;17883.74;ambiguo;0;0;0;baixa;0
CASE-0351;SYN-CNPJ-000351;Empresa Sintética 0351;Ceilândia;Setor Sintético D, Q22, L032, Ceilândia, DF;Setor Sintético D, Q22, L032, Ceilândia, DF;ATIVA;ATIVA;19945.56;19945.56;consistente;0;0;0;nenhuma;0
CASE-0352;SYN-CNPJ-000352;Empresa Sintética 0352;Taguatinga;Setor Sintético E, Q23, L033, Taguatinga, DF;Setor Sintético E, Q23, L033, Taguatinga, DF;BAIXADA;ATIVA;19905.61;19905.61;cadastral;1;0;0;media;1
CASE-0353;SYN-CNPJ-000353;Empresa Sintética 0353;Sobradinho;Setor Sintético F, Q24, L034, Sobradinho, DF;Setor Sintético F, Q24, L034, Sobradinho, DF;ATIVA;ATIVA;9341.96;9341.96;consistente;0;0;0;nenhuma;0
CASE-0354;SYN-CNPJ-000354;Empresa Sintética 0354;Sobradinho;Setor Sintético Divergente, Q05, L005, Sobradinho, DF;Setor Sintético A, Q25, L035, Sobradinho, DF;ATIVA;ATIVA;15492.73;15492.73;territorial;0;1;0;media;1
CASE-0355;SYN-CNPJ-000355;Empresa Sintética 0355;Guará;Setor Sintético B, Q26, L036, Guará, DF;Setor Sintético B, Q26, L036, Guará, DF;BAIXADA;BAIXADA;24990.08;24990.08;consistente;0;0;0;nenhuma;0
CASE-0356;SYN-CNPJ-000356;Empresa Sintética 0356;Gama;Setor Sintético C, Q27, L037, Gama, DF;Setor Sintético C, Q27, L037, Gama, DF;BAIXADA;BAIXADA;13436.68;20671.82;valor;0;0;1;media;1
CASE-0357;SYN-CNPJ-000357;Empresa Sintética 0357;Samambaia;Setor Sintético D, Q28, L038, Samambaia, DF;Setor Sintético D, Q28, L038, Samambaia, DF;ATIVA;ATIVA;11524.38;11524.38;consistente;0;0;0;nenhuma;0
CASE-0358;SYN-CNPJ-000358;Empresa Sintética 0358;Samambaia;Setor Sintético Divergente, Q09, L009, Samambaia, DF;Setor Sintético E, Q29, L039, Samambaia, DF;ATIVA;ATIVA;22010.02;22010.02;territorial;0;1;0;media;1
CASE-0359;SYN-CNPJ-000359;Empresa Sintética 0359;Ceilândia;Setor Sintético F, Q30, L040, Ceilândia, DF;Setor Sintético F, Q30, L040, Ceilândia, DF;ATIVA;ATIVA;7214.45;11099.15;valor;0;0;1;media;1
CASE-0360;SYN-CNPJ-000360;Empresa Sintética 0360;Ceilândia;Setor Sintético Divergente, Q11, L011, Ceilândia, DF;Setor Sintético A, Q01, L041, Ceilândia, DF;BAIXADA;ATIVA;6574.45;4534.1;multiplas;1;1;1;alta;1
CASE-0361;SYN-CNPJ-000361;Empresa Sintética 0361;Águas Claras;Setor Sintético B, Q02, L042, Águas Claras, DF;Setor Sintético B, Q02, L042, Águas Claras, DF;ATIVA;ATIVA;23712.48;23713.34;ambiguo;0;0;0;baixa;0
CASE-0362;SYN-CNPJ-000362;Empresa Sintética 0362;Águas Claras;Setor Sintético C, Q03, L043, Águas Claras, DF;Setor Sintético C, Q03, L043, Águas Claras, DF;ATIVA;ATIVA;3566.67;3566.67;consistente;0;0;0;nenhuma;0
CASE-0363;SYN-CNPJ-000363;Empresa Sintética 0363;Taguatinga;Setor Sintético D, Q04, L044, Taguatinga, DF;Setor Sintético D, Q04, L044, Taguatinga, DF;ATIVA;ATIVA;14999.31;14999.31;consistente;0;0;0;nenhuma;0
CASE-0364;SYN-CNPJ-000364;Empresa Sintética 0364;Ceilândia;Setor Sintético Divergente, Q15, L015, Ceilândia, DF;Setor Sintético E, Q05, L045, Ceilândia, DF;ATIVA;ATIVA;21141.99;21141.99;territorial;0;1;0;media;1
CASE-0365;SYN-CNPJ-000365;Empresa Sintética 0365;Plano Piloto;Setor Sintético Divergente, Q16, L016, Plano Piloto, DF;Setor Sintético F, Q06, L046, Plano Piloto, DF;ATIVA;ATIVA;1613.81;1613.81;territorial;0;1;0;media;1
CASE-0366;SYN-CNPJ-000366;Empresa Sintética 0366;Guará;Setor Sintético Divergente, Q17, L017, Guará, DF;Setor Sintético A, Q07, L047, Guará, DF;ATIVA;ATIVA;19290.5;19290.5;territorial;0;1;0;media;1
CASE-0367;SYN-CNPJ-000367;Empresa Sintética 0367;Plano Piloto;Setor Sintético B, Q08, L048, Plano Piloto, DF;Setor Sintético B, Q08, L048, Plano Piloto, DF;ATIVA;BAIXADA;22280.42;22280.42;cadastral;1;0;0;media;1
CASE-0368;SYN-CNPJ-000368;Empresa Sintética 0368;Guará;Setor Sintético C, Q09, L049, Guará, DF;Setor Sintético C, Q09, L049, Guará, DF;ATIVA;BAIXADA;6499.51;6499.51;cadastral;1;0;0;media;1
CASE-0369;SYN-CNPJ-000369;Empresa Sintética 0369;Gama;Setor Sintético Divergente, Q20, L020, Gama, DF;Setor Sintético D, Q10, L050, Gama, DF;BAIXADA;ATIVA;6967.1;11611.83;multiplas;1;1;1;alta;1
CASE-0370;SYN-CNPJ-000370;Empresa Sintética 0370;Gama;Setor Sintético E, Q11, L051, Gama, DF;Setor Sintético E, Q11, L051, Gama, DF;BAIXADA;BAIXADA;11878.83;11878.83;consistente;0;0;0;nenhuma;0
CASE-0371;SYN-CNPJ-000371;Empresa Sintética 0371;Ceilândia;Setor Sintético F, Q12, L052, Ceilândia, DF;Setor Sintético F, Q12, L052, Ceilândia, DF;ATIVA;ATIVA;21606.38;21606.38;consistente;0;0;0;nenhuma;0
CASE-0372;SYN-CNPJ-000372;Empresa Sintética 0372;Samambaia;Setor Sintético A, Q13, L053, Samambaia, DF;Setor Sintético A, Q13, L053, Samambaia, DF;BAIXADA;BAIXADA;3703.77;3703.77;consistente;0;0;0;nenhuma;0
CASE-0373;SYN-CNPJ-000373;Empresa Sintética 0373;Taguatinga;Setor Sintético B, Q14, L054, Taguatinga, DF;Setor Sintético B, Q14, L054, Taguatinga, DF;ATIVA;ATIVA;6422.58;6422.58;consistente;0;0;0;nenhuma;0
CASE-0374;SYN-CNPJ-000374;Empresa Sintética 0374;Sobradinho;Setor Sintético C, Q15, L055, Sobradinho, DF;Setor Sintético C, Q15, L055, Sobradinho, DF;ATIVA;ATIVA;3951.5;3951.5;consistente;0;0;0;nenhuma;0
CASE-0375;SYN-CNPJ-000375;Empresa Sintética 0375;Gama;Setor Sintético D, Q16, L056, Gama, DF;Setor Sintético D, Q16, L056, Gama, DF;BAIXADA;BAIXADA;6582.62;6582.62;consistente;0;0;0;nenhuma;0
CASE-0376;SYN-CNPJ-000376;Empresa Sintética 0376;Ceilândia;Setor Sintético Divergente, Q02, L027, Ceilândia, DF;Setor Sintético E, Q17, L057, Ceilândia, DF;BAIXADA;ATIVA;33896.52;23376.91;multiplas;1;1;1;alta;1
CASE-0377;SYN-CNPJ-000377;Empresa Sintética 0377;Ceilândia;Setor Sintético F, Q18, L058, Ceilândia, DF;Setor Sintético F, Q18, L058, Ceilândia, DF;BAIXADA;BAIXADA;24901.25;24901.25;consistente;0;0;0;nenhuma;0
CASE-0378;SYN-CNPJ-000378;Empresa Sintética 0378;Guará;Setor Sintético A, Q19, L059, Guará, DF;Setor Sintético A, Q19, L059, Guará, DF;ATIVA;BAIXADA;1067.82;1067.82;cadastral;1;0;0;media;1
CASE-0379;SYN-CNPJ-000379;Empresa Sintética 0379;Sobradinho;Set. Sintético B, Q20, L060, Sobradinho, DF;Setor Sintético B, Q20, L060, Sobradinho, DF;ATIVA;ATIVA;5769.24;5771.04;ambiguo;0;0;0;baixa;0
CASE-0380;SYN-CNPJ-000380;Empresa Sintética 0380;Sobradinho;Setor Sintético C, Q21, L061, Sobradinho, DF;Setor Sintético C, Q21, L061, Sobradinho, DF;BAIXADA;ATIVA;13648.92;13648.92;cadastral;1;0;0;media;1
CASE-0381;SYN-CNPJ-000381;Empresa Sintética 0381;Gama;Setor Sintético Divergente, Q07, L032, Gama, DF;Setor Sintético D, Q22, L062, Gama, DF;BAIXADA;ATIVA;32074.25;22120.17;multiplas;1;1;1;alta;1
CASE-0382;SYN-CNPJ-000382;Empresa Sintética 0382;Samambaia;Setor Sintético E, Q23, L063, Samambaia, DF;Setor Sintético E, Q23, L063, Samambaia, DF;ATIVA;ATIVA;7735.69;10314.25;valor;0;0;1;media;1
CASE-0383;SYN-CNPJ-000383;Empresa Sintética 0383;Guará;Setor Sintético F, Q24, L064, Guará, DF;Setor Sintético F, Q24, L064, Guará, DF;ATIVA;ATIVA;9965.55;9965.55;consistente;0;0;0;nenhuma;0
CASE-0384;SYN-CNPJ-000384;Empresa Sintética 0384;Guará;Setor Sintético A, Q25, L065, Guará, DF;Setor Sintético A, Q25, L065, Guará, DF;BAIXADA;ATIVA;3652.25;3652.25;cadastral;1;0;0;media;1
CASE-0385;SYN-CNPJ-000385;Empresa Sintética 0385;Samambaia;Setor Sintético B, Q26, L066, Samambaia, DF;Setor Sintético B, Q26, L066, Samambaia, DF;ATIVA;ATIVA;14166.88;14166.88;consistente;0;0;0;nenhuma;0
CASE-0386;SYN-CNPJ-000386;Empresa Sintética 0386;Ceilândia;Setor Sintético C, Q27, L067, Ceilândia, DF;Setor Sintético C, Q27, L067, Ceilândia, DF;ATIVA;ATIVA;15260.34;15260.34;consistente;0;0;0;nenhuma;0
CASE-0387;SYN-CNPJ-000387;Empresa Sintética 0387;Plano Piloto;Setor Sintético D, Q28, L068, Plano Piloto, DF;Setor Sintético D, Q28, L068, Plano Piloto, DF;BAIXADA;ATIVA;1453.39;1453.39;cadastral;1;0;0;media;1
CASE-0388;SYN-CNPJ-000388;Empresa Sintética 0388;Sobradinho;Setor Sintético E, Q29, L069, Sobradinho, DF;Setor Sintético E, Q29, L069, Sobradinho, DF;BAIXADA;BAIXADA;3111.79;4149.05;valor;0;0;1;media;1
CASE-0389;SYN-CNPJ-000389;Empresa Sintética 0389;Samambaia;Setor Sintético F, Q30, L070, Samambaia, DF;Setor Sintético F, Q30, L070, Samambaia, DF;ATIVA;ATIVA;10127.39;10127.39;consistente;0;0;0;nenhuma;0
CASE-0390;SYN-CNPJ-000390;Empresa Sintética 0390;Guará;Setor Sintético Divergente, Q16, L041, Guará, DF;Setor Sintético A, Q01, L071, Guará, DF;ATIVA;ATIVA;12929.22;12929.22;territorial;0;1;0;media;1
CASE-0391;SYN-CNPJ-000391;Empresa Sintética 0391;Sobradinho;Setor Sintético B, Q02, L072, Sobradinho, DF;Setor Sintético B, Q02, L072, Sobradinho, DF;BAIXADA;ATIVA;12134.87;12134.87;cadastral;1;0;0;media;1
CASE-0392;SYN-CNPJ-000392;Empresa Sintética 0392;Samambaia;Setor Sintético C, Q03, L073, Samambaia, DF;Setor Sintético C, Q03, L073, Samambaia, DF;ATIVA;ATIVA;24507.5;24507.5;consistente;0;0;0;nenhuma;0
CASE-0393;SYN-CNPJ-000393;Empresa Sintética 0393;Plano Piloto;Setor Sintético Divergente, Q19, L044, Plano Piloto, DF;Setor Sintético D, Q04, L074, Plano Piloto, DF;BAIXADA;BAIXADA;7005.5;7005.5;territorial;0;1;0;media;1
CASE-0394;SYN-CNPJ-000394;Empresa Sintética 0394;Águas Claras;Setor Sintético Divergente, Q20, L045, Águas Claras, DF;Setor Sintético E, Q05, L075, Águas Claras, DF;ATIVA;ATIVA;14796.32;14796.32;territorial;0;1;0;media;1
CASE-0395;SYN-CNPJ-000395;Empresa Sintética 0395;Gama;Setor Sintético F, Q06, L076, Gama, DF;Setor Sintético F, Q06, L076, Gama, DF;ATIVA;ATIVA;20630.7;20630.7;consistente;0;0;0;nenhuma;0
CASE-0396;SYN-CNPJ-000396;Empresa Sintética 0396;Taguatinga;Setor Sintético A, Q07, L077, Taguatinga, DF;Setor Sintético A, Q07, L077, Taguatinga, DF;ATIVA;ATIVA;963.97;963.97;consistente;0;0;0;nenhuma;0
CASE-0397;SYN-CNPJ-000397;Empresa Sintética 0397;Ceilândia;Setor Sintético B, Q08, L078, Ceilândia, DF;Setor Sintético B, Q08, L078, Ceilândia, DF;BAIXADA;BAIXADA;17417.26;17417.26;consistente;0;0;0;nenhuma;0
CASE-0398;SYN-CNPJ-000398;Empresa Sintética 0398;Sobradinho;Setor Sintético C, Q09, L079, Sobradinho, DF;Setor Sintético C, Q09, L079, Sobradinho, DF;BAIXADA;ATIVA;17791.49;17791.49;cadastral;1;0;0;media;1
CASE-0399;SYN-CNPJ-000399;Empresa Sintética 0399;Samambaia;Setor Sintético D, Q10, L080, Samambaia, DF;Setor Sintético D, Q10, L080, Samambaia, DF;ATIVA;BAIXADA;13374.19;13374.19;cadastral;1;0;0;media;1
CASE-0400;SYN-CNPJ-000400;Empresa Sintética 0400;Ceilândia;Setor Sintético E, Q11, L001, Ceilândia, DF;Setor Sintético E, Q11, L001, Ceilândia, DF;BAIXADA;BAIXADA;22847.04;22847.04;consistente;0;0;0;nenhuma;0
CASE-0401;SYN-CNPJ-000401;Empresa Sintética 0401;Samambaia;Setor Sintético F, Q12, L002, Samambaia, DF;Setor Sintético F, Q12, L002, Samambaia, DF;ATIVA;ATIVA;15446.88;15446.88;consistente;0;0;0;nenhuma;0
CASE-0402;SYN-CNPJ-000402;Empresa Sintética 0402;Águas Claras;Setor Sintético A, Q13, L003, Águas Claras, DF;Setor Sintético A, Q13, L003, Águas Claras, DF;ATIVA;ATIVA;14173.12;14173.12;consistente;0;0;0;nenhuma;0
CASE-0403;SYN-CNPJ-000403;Empresa Sintética 0403;Guará;Setor Sintético B, Q14, L004, Guará, DF;Setor Sintético B, Q14, L004, Guará, DF;ATIVA;ATIVA;17770.07;17770.07;consistente;0;0;0;nenhuma;0
CASE-0404;SYN-CNPJ-000404;Empresa Sintética 0404;Sobradinho;Setor Sintético Divergente, Q05, L055, Sobradinho, DF;Setor Sintético C, Q15, L005, Sobradinho, DF;ATIVA;ATIVA;12255.18;12255.18;territorial;0;1;0;media;1
CASE-0405;SYN-CNPJ-000405;Empresa Sintética 0405;Guará;Setor Sintético Divergente, Q06, L056, Guará, DF;Setor Sintético D, Q16, L006, Guará, DF;ATIVA;ATIVA;3485.92;3485.92;territorial;0;1;0;media;1
CASE-0406;SYN-CNPJ-000406;Empresa Sintética 0406;Gama;Setor Sintético Divergente, Q07, L057, Gama, DF;Setor Sintético E, Q17, L007, Gama, DF;BAIXADA;BAIXADA;20550.25;20550.25;territorial;0;1;0;media;1
CASE-0407;SYN-CNPJ-000407;Empresa Sintética 0407;Ceilândia;Setor Sintético F, Q18, L008, Ceilândia, DF;Setor Sintético F, Q18, L008, Ceilândia, DF;ATIVA;ATIVA;1528.95;1530.63;ambiguo;0;0;0;baixa;0
CASE-0408;SYN-CNPJ-000408;Empresa Sintética 0408;Guará;Setor Sintético A, Q19, L009, Guará, DF;Setor Sintético A, Q19, L009, Guará, DF;BAIXADA;BAIXADA;5741.76;5742.68;ambiguo;0;0;0;baixa;0
CASE-0409;SYN-CNPJ-000409;Empresa Sintética 0409;Guará;Setor Sintético Divergente, Q10, L060, Guará, DF;Setor Sintético B, Q20, L010, Guará, DF;ATIVA;ATIVA;3176.05;3176.05;territorial;0;1;0;media;1
CASE-0410;SYN-CNPJ-000410;Empresa Sintética 0410;Águas Claras;Setor Sintético C, Q21, L011, Águas Claras, DF;Setor Sintético C, Q21, L011, Águas Claras, DF;ATIVA;ATIVA;1307.81;1743.75;valor;0;0;1;media;1
CASE-0411;SYN-CNPJ-000411;Empresa Sintética 0411;Plano Piloto;Setor Sintético Divergente, Q12, L062, Plano Piloto, DF;Setor Sintético D, Q22, L012, Plano Piloto, DF;ATIVA;ATIVA;10625.88;10625.88;territorial;0;1;0;media;1
CASE-0412;SYN-CNPJ-000412;Empresa Sintética 0412;Taguatinga;Setor Sintético E, Q23, L013, Taguatinga, DF;Setor Sintético E, Q23, L013, Taguatinga, DF;ATIVA;ATIVA;470.21;626.95;valor;0;0;1;media;1
CASE-0413;SYN-CNPJ-000413;Empresa Sintética 0413;Sobradinho;Setor Sintético F, Q24, L014, Sobradinho, DF;Setor Sintético F, Q24, L014, Sobradinho, DF;ATIVA;BAIXADA;16438.2;16438.2;cadastral;1;0;0;media;1
CASE-0414;SYN-CNPJ-000414;Empresa Sintética 0414;Guará;Setor Sintético A, Q25, L015, Guará, DF;Setor Sintético A, Q25, L015, Guará, DF;ATIVA;ATIVA;4870.24;7492.68;valor;0;0;1;media;1
CASE-0415;SYN-CNPJ-000415;Empresa Sintética 0415;Taguatinga;Setor Sintético Divergente, Q16, L066, Taguatinga, DF;Setor Sintético B, Q26, L016, Taguatinga, DF;BAIXADA;ATIVA;8166.74;13611.23;multiplas;1;1;1;alta;1
CASE-0416;SYN-CNPJ-000416;Empresa Sintética 0416;Ceilândia;Setor Sintético Divergente, Q17, L067, Ceilândia, DF;Setor Sintético C, Q27, L017, Ceilândia, DF;ATIVA;BAIXADA;13269.0;22115.0;multiplas;1;1;1;alta;1
CASE-0417;SYN-CNPJ-000417;Empresa Sintética 0417;Plano Piloto;Set. Sintético D, Q28, L018, Plano Piloto, DF;Setor Sintético D, Q28, L018, Plano Piloto, DF;BAIXADA;BAIXADA;19806.04;19805.04;ambiguo;0;0;0;baixa;0
CASE-0418;SYN-CNPJ-000418;Empresa Sintética 0418;Guará;Setor Sintético Divergente, Q19, L069, Guará, DF;Setor Sintético E, Q29, L019, Guará, DF;BAIXADA;ATIVA;436.23;727.05;multiplas;1;1;1;alta;1
CASE-0419;SYN-CNPJ-000419;Empresa Sintética 0419;Samambaia;Setor Sintético F, Q30, L020, Samambaia, DF;Setor Sintético F, Q30, L020, Samambaia, DF;ATIVA;ATIVA;11631.65;11631.55;ambiguo;0;0;0;baixa;0
CASE-0420;SYN-CNPJ-000420;Empresa Sintética 0420;Ceilândia;Setor Sintético Divergente, Q21, L001, Ceilândia, DF;Setor Sintético A, Q01, L021, Ceilândia, DF;ATIVA;BAIXADA;4310.71;7184.51;multiplas;1;1;1;alta;1
CASE-0421;SYN-CNPJ-000421;Empresa Sintética 0421;Sobradinho;Setor Sintético B, Q02, L022, Sobradinho, DF;Setor Sintético B, Q02, L022, Sobradinho, DF;ATIVA;ATIVA;18105.66;18105.66;consistente;0;0;0;nenhuma;0
CASE-0422;SYN-CNPJ-000422;Empresa Sintética 0422;Samambaia;Setor Sintético C, Q03, L023, Samambaia, DF;Setor Sintético C, Q03, L023, Samambaia, DF;ATIVA;ATIVA;14410.64;14410.64;consistente;0;0;0;nenhuma;0
CASE-0423;SYN-CNPJ-000423;Empresa Sintética 0423;Ceilândia;Setor Sintético D, Q04, L024, Ceilândia, DF;Setor Sintético D, Q04, L024, Ceilândia, DF;BAIXADA;BAIXADA;25951.56;20761.25;valor;0;0;1;media;1
CASE-0424;SYN-CNPJ-000424;Empresa Sintética 0424;Taguatinga;Setor Sintético E, Q05, L025, Taguatinga, DF;Setor Sintético E, Q05, L025, Taguatinga, DF;ATIVA;ATIVA;24551.29;24551.29;consistente;0;0;0;nenhuma;0
CASE-0425;SYN-CNPJ-000425;Empresa Sintética 0425;Águas Claras;Setor Sintético F, Q06, L026, Águas Claras, DF;Setor Sintético F, Q06, L026, Águas Claras, DF;BAIXADA;ATIVA;6889.24;6889.24;cadastral;1;0;0;media;1
CASE-0426;SYN-CNPJ-000426;Empresa Sintética 0426;Guará;Setor Sintético A, Q07, L027, Guará, DF;Setor Sintético A, Q07, L027, Guará, DF;ATIVA;ATIVA;7897.67;7897.67;consistente;0;0;0;nenhuma;0
CASE-0427;SYN-CNPJ-000427;Empresa Sintética 0427;Plano Piloto;Setor Sintético B, Q08, L028, Plano Piloto, DF;Setor Sintético B, Q08, L028, Plano Piloto, DF;ATIVA;ATIVA;12386.43;16515.24;valor;0;0;1;media;1
CASE-0428;SYN-CNPJ-000428;Empresa Sintética 0428;Taguatinga;Setor Sintético C, Q09, L029, Taguatinga, DF;Setor Sintético C, Q09, L029, Taguatinga, DF;BAIXADA;BAIXADA;8016.76;8016.76;consistente;0;0;0;nenhuma;0
CASE-0429;SYN-CNPJ-000429;Empresa Sintética 0429;Guará;Setor Sintético D, Q10, L030, Guará, DF;Setor Sintético D, Q10, L030, Guará, DF;BAIXADA;ATIVA;16148.43;16148.43;cadastral;1;0;0;media;1
CASE-0430;SYN-CNPJ-000430;Empresa Sintética 0430;Samambaia;Set. Sintético E, Q11, L031, Samambaia, DF;Setor Sintético E, Q11, L031, Samambaia, DF;ATIVA;ATIVA;5867.26;5868.65;ambiguo;0;0;0;baixa;0
CASE-0431;SYN-CNPJ-000431;Empresa Sintética 0431;Samambaia;Setor Sintético F, Q12, L032, Samambaia, DF;Setor Sintético F, Q12, L032, Samambaia, DF;BAIXADA;BAIXADA;24776.57;17697.55;valor;0;0;1;media;1
CASE-0432;SYN-CNPJ-000432;Empresa Sintética 0432;Águas Claras;Setor Sintético A, Q13, L033, Águas Claras, DF;Setor Sintético A, Q13, L033, Águas Claras, DF;ATIVA;ATIVA;11159.45;17168.38;valor;0;0;1;media;1
CASE-0433;SYN-CNPJ-000433;Empresa Sintética 0433;Samambaia;Setor Sintético B, Q14, L034, Samambaia, DF;Setor Sintético B, Q14, L034, Samambaia, DF;BAIXADA;ATIVA;22972.5;22972.5;cadastral;1;0;0;media;1
CASE-0434;SYN-CNPJ-000434;Empresa Sintética 0434;Águas Claras;Setor Sintético C, Q15, L035, Águas Claras, DF;Setor Sintético C, Q15, L035, Águas Claras, DF;ATIVA;ATIVA;4531.16;4531.16;consistente;0;0;0;nenhuma;0
CASE-0435;SYN-CNPJ-000435;Empresa Sintética 0435;Sobradinho;Setor Sintético Divergente, Q11, L016, Sobradinho, DF;Setor Sintético D, Q16, L036, Sobradinho, DF;BAIXADA;ATIVA;24892.48;17167.23;multiplas;1;1;1;alta;1
CASE-0436;SYN-CNPJ-000436;Empresa Sintética 0436;Sobradinho;Setor Sintético E, Q17, L037, Sobradinho, DF;Setor Sintético E, Q17, L037, Sobradinho, DF;ATIVA;ATIVA;11609.09;11609.09;consistente;0;0;0;nenhuma;0
CASE-0437;SYN-CNPJ-000437;Empresa Sintética 0437;Sobradinho;Setor Sintético F, Q18, L038, Sobradinho, DF;Setor Sintético F, Q18, L038, Sobradinho, DF;BAIXADA;ATIVA;14190.53;14190.53;cadastral;1;0;0;media;1
CASE-0438;SYN-CNPJ-000438;Empresa Sintética 0438;Guará;Setor Sintético Divergente, Q14, L019, Guará, DF;Setor Sintético A, Q19, L039, Guará, DF;ATIVA;ATIVA;10200.74;10200.74;territorial;0;1;0;media;1
CASE-0439;SYN-CNPJ-000439;Empresa Sintética 0439;Águas Claras;Setor Sintético Divergente, Q15, L020, Águas Claras, DF;Setor Sintético B, Q20, L040, Águas Claras, DF;BAIXADA;ATIVA;2333.92;1609.6;multiplas;1;1;1;alta;1
CASE-0440;SYN-CNPJ-000440;Empresa Sintética 0440;Plano Piloto;Setor Sintético C, Q21, L041, Plano Piloto, DF;Setor Sintético C, Q21, L041, Plano Piloto, DF;ATIVA;ATIVA;34524.5;24660.36;valor;0;0;1;media;1
CASE-0441;SYN-CNPJ-000441;Empresa Sintética 0441;Gama;Setor Sintético D, Q22, L042, Gama, DF;Setor Sintético D, Q22, L042, Gama, DF;ATIVA;ATIVA;19339.82;19339.82;consistente;0;0;0;nenhuma;0
CASE-0442;SYN-CNPJ-000442;Empresa Sintética 0442;Gama;Setor Sintético E, Q23, L043, Gama, DF;Setor Sintético E, Q23, L043, Gama, DF;ATIVA;ATIVA;34754.99;24824.99;valor;0;0;1;media;1
CASE-0443;SYN-CNPJ-000443;Empresa Sintética 0443;Gama;Setor Sintético F, Q24, L044, Gama, DF;Setor Sintético F, Q24, L044, Gama, DF;ATIVA;BAIXADA;2466.12;2466.12;cadastral;1;0;0;media;1
CASE-0444;SYN-CNPJ-000444;Empresa Sintética 0444;Ceilândia;Setor Sintético A, Q25, L045, Ceilândia, DF;Setor Sintético A, Q25, L045, Ceilândia, DF;ATIVA;ATIVA;3406.08;3406.51;ambiguo;0;0;0;baixa;0
CASE-0445;SYN-CNPJ-000445;Empresa Sintética 0445;Águas Claras;Setor Sintético B, Q26, L046, Águas Claras, DF;Setor Sintético B, Q26, L046, Águas Claras, DF;ATIVA;ATIVA;19026.4;19026.4;consistente;0;0;0;nenhuma;0
CASE-0446;SYN-CNPJ-000446;Empresa Sintética 0446;Sobradinho;Setor Sintético C, Q27, L047, Sobradinho, DF;Setor Sintético C, Q27, L047, Sobradinho, DF;BAIXADA;BAIXADA;13531.36;13532.37;ambiguo;0;0;0;baixa;0
CASE-0447;SYN-CNPJ-000447;Empresa Sintética 0447;Guará;Setor Sintético D, Q28, L048, Guará, DF;Setor Sintético D, Q28, L048, Guará, DF;ATIVA;ATIVA;23466.55;23466.55;consistente;0;0;0;nenhuma;0
CASE-0448;SYN-CNPJ-000448;Empresa Sintética 0448;Taguatinga;Setor Sintético E, Q29, L049, Taguatinga, DF;Setor Sintético E, Q29, L049, Taguatinga, DF;ATIVA;ATIVA;28465.11;20332.22;valor;0;0;1;media;1
CASE-0449;SYN-CNPJ-000449;Empresa Sintética 0449;Plano Piloto;Setor Sintético Divergente, Q25, L030, Plano Piloto, DF;Setor Sintético F, Q30, L050, Plano Piloto, DF;ATIVA;ATIVA;5549.0;5549.0;territorial;0;1;0;media;1
CASE-0450;SYN-CNPJ-000450;Empresa Sintética 0450;Plano Piloto;Setor Sintético A, Q01, L051, Plano Piloto, DF;Setor Sintético A, Q01, L051, Plano Piloto, DF;BAIXADA;BAIXADA;15145.73;15145.73;consistente;0;0;0;nenhuma;0
CASE-0451;SYN-CNPJ-000451;Empresa Sintética 0451;Plano Piloto;Setor Sintético B, Q02, L052, Plano Piloto, DF;Setor Sintético B, Q02, L052, Plano Piloto, DF;ATIVA;ATIVA;26100.56;18643.26;valor;0;0;1;media;1
CASE-0452;SYN-CNPJ-000452;Empresa Sintética 0452;Águas Claras;Setor Sintético C, Q03, L053, Águas Claras, DF;Setor Sintético C, Q03, L053, Águas Claras, DF;BAIXADA;ATIVA;3933.32;3933.32;cadastral;1;0;0;media;1
CASE-0453;SYN-CNPJ-000453;Empresa Sintética 0453;Águas Claras;Setor Sintético D, Q04, L054, Águas Claras, DF;Setor Sintético D, Q04, L054, Águas Claras, DF;ATIVA;ATIVA;14649.4;14648.13;ambiguo;0;0;0;baixa;0
CASE-0454;SYN-CNPJ-000454;Empresa Sintética 0454;Ceilândia;Setor Sintético E, Q05, L055, Ceilândia, DF;Setor Sintético E, Q05, L055, Ceilândia, DF;ATIVA;ATIVA;10632.23;10632.23;consistente;0;0;0;nenhuma;0
CASE-0455;SYN-CNPJ-000455;Empresa Sintética 0455;Ceilândia;Setor Sintético F, Q06, L056, Ceilândia, DF;Setor Sintético F, Q06, L056, Ceilândia, DF;BAIXADA;BAIXADA;14118.34;14118.34;consistente;0;0;0;nenhuma;0
CASE-0456;SYN-CNPJ-000456;Empresa Sintética 0456;Samambaia;Setor Sintético A, Q07, L057, Samambaia, DF;Setor Sintético A, Q07, L057, Samambaia, DF;BAIXADA;BAIXADA;19752.21;19752.21;consistente;0;0;0;nenhuma;0
CASE-0457;SYN-CNPJ-000457;Empresa Sintética 0457;Gama;Setor Sintético B, Q08, L058, Gama, DF;Setor Sintético B, Q08, L058, Gama, DF;BAIXADA;BAIXADA;4155.83;4155.83;consistente;0;0;0;nenhuma;0
CASE-0458;SYN-CNPJ-000458;Empresa Sintética 0458;Sobradinho;Setor Sintético C, Q09, L059, Sobradinho, DF;Setor Sintético C, Q09, L059, Sobradinho, DF;ATIVA;ATIVA;21308.85;21308.85;consistente;0;0;0;nenhuma;0
CASE-0459;SYN-CNPJ-000459;Empresa Sintética 0459;Ceilândia;Setor Sintético D, Q10, L060, Ceilândia, DF;Setor Sintético D, Q10, L060, Ceilândia, DF;BAIXADA;BAIXADA;22911.16;22911.16;consistente;0;0;0;nenhuma;0
CASE-0460;SYN-CNPJ-000460;Empresa Sintética 0460;Gama;Setor Sintético Divergente, Q11, L041, Gama, DF;Setor Sintético E, Q11, L061, Gama, DF;ATIVA;ATIVA;10016.27;10016.27;territorial;0;1;0;media;1
CASE-0461;SYN-CNPJ-000461;Empresa Sintética 0461;Samambaia;Setor Sintético F, Q12, L062, Samambaia, DF;Setor Sintético F, Q12, L062, Samambaia, DF;ATIVA;ATIVA;23094.54;23094.54;consistente;0;0;0;nenhuma;0
CASE-0462;SYN-CNPJ-000462;Empresa Sintética 0462;Taguatinga;Setor Sintético Divergente, Q13, L043, Taguatinga, DF;Setor Sintético A, Q13, L063, Taguatinga, DF;BAIXADA;ATIVA;2555.84;1762.65;multiplas;1;1;1;alta;1
CASE-0463;SYN-CNPJ-000463;Empresa Sintética 0463;Plano Piloto;Setor Sintético Divergente, Q14, L044, Plano Piloto, DF;Setor Sintético B, Q14, L064, Plano Piloto, DF;ATIVA;ATIVA;5110.0;5110.0;territorial;0;1;0;media;1
CASE-0464;SYN-CNPJ-000464;Empresa Sintética 0464;Águas Claras;Setor Sintético C, Q15, L065, Águas Claras, DF;Setor Sintético C, Q15, L065, Águas Claras, DF;BAIXADA;BAIXADA;7022.22;5617.78;valor;0;0;1;media;1
CASE-0465;SYN-CNPJ-000465;Empresa Sintética 0465;Plano Piloto;Setor Sintético D, Q16, L066, Plano Piloto, DF;Setor Sintético D, Q16, L066, Plano Piloto, DF;ATIVA;ATIVA;23460.41;23460.41;consistente;0;0;0;nenhuma;0
CASE-0466;SYN-CNPJ-000466;Empresa Sintética 0466;Taguatinga;Setor Sintético E, Q17, L067, Taguatinga, DF;Setor Sintético E, Q17, L067, Taguatinga, DF;BAIXADA;BAIXADA;22904.63;22903.81;ambiguo;0;0;0;baixa;0
CASE-0467;SYN-CNPJ-000467;Empresa Sintética 0467;Águas Claras;Setor Sintético F, Q18, L068, Águas Claras, DF;Setor Sintético F, Q18, L068, Águas Claras, DF;ATIVA;ATIVA;19500.09;19500.09;consistente;0;0;0;nenhuma;0
CASE-0468;SYN-CNPJ-000468;Empresa Sintética 0468;Samambaia;Setor Sintético A, Q19, L069, Samambaia, DF;Setor Sintético A, Q19, L069, Samambaia, DF;ATIVA;ATIVA;6908.26;6908.26;consistente;0;0;0;nenhuma;0
CASE-0469;SYN-CNPJ-000469;Empresa Sintética 0469;Sobradinho;Setor Sintético B, Q20, L070, Sobradinho, DF;Setor Sintético B, Q20, L070, Sobradinho, DF;ATIVA;BAIXADA;2915.9;2915.9;cadastral;1;0;0;media;1
CASE-0470;SYN-CNPJ-000470;Empresa Sintética 0470;Sobradinho;Set. Sintético C, Q21, L071, Sobradinho, DF;Setor Sintético C, Q21, L071, Sobradinho, DF;ATIVA;ATIVA;22900.76;22901.1;ambiguo;0;0;0;baixa;0
CASE-0471;SYN-CNPJ-000471;Empresa Sintética 0471;Águas Claras;Setor Sintético Divergente, Q22, L052, Águas Claras, DF;Setor Sintético D, Q22, L072, Águas Claras, DF;ATIVA;ATIVA;897.39;897.39;territorial;0;1;0;media;1
CASE-0472;SYN-CNPJ-000472;Empresa Sintética 0472;Gama;Setor Sintético Divergente, Q23, L053, Gama, DF;Setor Sintético E, Q23, L073, Gama, DF;ATIVA;ATIVA;4234.08;4234.08;territorial;0;1;0;media;1
CASE-0473;SYN-CNPJ-000473;Empresa Sintética 0473;Gama;Setor Sintético F, Q24, L074, Gama, DF;Setor Sintético F, Q24, L074, Gama, DF;ATIVA;ATIVA;12732.89;12732.89;consistente;0;0;0;nenhuma;0
CASE-0474;SYN-CNPJ-000474;Empresa Sintética 0474;Samambaia;Setor Sintético Divergente, Q25, L055, Samambaia, DF;Setor Sintético A, Q25, L075, Samambaia, DF;ATIVA;ATIVA;19202.34;19202.34;territorial;0;1;0;media;1
CASE-0475;SYN-CNPJ-000475;Empresa Sintética 0475;Sobradinho;Setor Sintético B, Q26, L076, Sobradinho, DF;Setor Sintético B, Q26, L076, Sobradinho, DF;ATIVA;BAIXADA;4621.72;4621.72;cadastral;1;0;0;media;1
CASE-0476;SYN-CNPJ-000476;Empresa Sintética 0476;Ceilândia;Setor Sintético C, Q27, L077, Ceilândia, DF;Setor Sintético C, Q27, L077, Ceilândia, DF;ATIVA;ATIVA;25406.75;18147.68;valor;0;0;1;media;1
CASE-0477;SYN-CNPJ-000477;Empresa Sintética 0477;Plano Piloto;Setor Sintético D, Q28, L078, Plano Piloto, DF;Setor Sintético D, Q28, L078, Plano Piloto, DF;ATIVA;ATIVA;21057.18;21057.18;consistente;0;0;0;nenhuma;0
CASE-0478;SYN-CNPJ-000478;Empresa Sintética 0478;Plano Piloto;Setor Sintético E, Q29, L079, Plano Piloto, DF;Setor Sintético E, Q29, L079, Plano Piloto, DF;ATIVA;ATIVA;10603.61;10603.61;consistente;0;0;0;nenhuma;0
CASE-0479;SYN-CNPJ-000479;Empresa Sintética 0479;Águas Claras;Setor Sintético Divergente, Q05, L060, Águas Claras, DF;Setor Sintético F, Q30, L080, Águas Claras, DF;BAIXADA;ATIVA;10695.39;17825.65;multiplas;1;1;1;alta;1
CASE-0480;SYN-CNPJ-000480;Empresa Sintética 0480;Sobradinho;Setor Sintético A, Q01, L001, Sobradinho, DF;Setor Sintético A, Q01, L001, Sobradinho, DF;ATIVA;ATIVA;1981.03;1981.03;consistente;0;0;0;nenhuma;0
CASE-0481;SYN-CNPJ-000481;Empresa Sintética 0481;Sobradinho;Setor Sintético Divergente, Q07, L062, Sobradinho, DF;Setor Sintético B, Q02, L002, Sobradinho, DF;BAIXADA;BAIXADA;885.43;885.43;territorial;0;1;0;media;1
CASE-0482;SYN-CNPJ-000482;Empresa Sintética 0482;Gama;Setor Sintético C, Q03, L003, Gama, DF;Setor Sintético C, Q03, L003, Gama, DF;BAIXADA;ATIVA;909.79;909.79;cadastral;1;0;0;media;1
CASE-0483;SYN-CNPJ-000483;Empresa Sintética 0483;Guará;Setor Sintético D, Q04, L004, Guará, DF;Setor Sintético D, Q04, L004, Guará, DF;ATIVA;ATIVA;17926.01;12804.29;valor;0;0;1;media;1
CASE-0484;SYN-CNPJ-000484;Empresa Sintética 0484;Ceilândia;Setor Sintético Divergente, Q10, L065, Ceilândia, DF;Setor Sintético E, Q05, L005, Ceilândia, DF;BAIXADA;ATIVA;13795.32;22992.2;multiplas;1;1;1;alta;1
CASE-0485;SYN-CNPJ-000485;Empresa Sintética 0485;Guará;Setor Sintético F, Q06, L006, Guará, DF;Setor Sintético F, Q06, L006, Guará, DF;ATIVA;ATIVA;7049.46;7049.46;consistente;0;0;0;nenhuma;0
CASE-0486;SYN-CNPJ-000486;Empresa Sintética 0486;Samambaia;Setor Sintético A, Q07, L007, Samambaia, DF;Setor Sintético A, Q07, L007, Samambaia, DF;BAIXADA;BAIXADA;11745.44;11745.44;consistente;0;0;0;nenhuma;0
CASE-0487;SYN-CNPJ-000487;Empresa Sintética 0487;Águas Claras;Setor Sintético B, Q08, L008, Águas Claras, DF;Setor Sintético B, Q08, L008, Águas Claras, DF;ATIVA;ATIVA;17259.02;17259.02;consistente;0;0;0;nenhuma;0
CASE-0488;SYN-CNPJ-000488;Empresa Sintética 0488;Plano Piloto;Setor Sintético Divergente, Q14, L069, Plano Piloto, DF;Setor Sintético C, Q09, L009, Plano Piloto, DF;BAIXADA;ATIVA;15122.51;10429.32;multiplas;1;1;1;alta;1
CASE-0489;SYN-CNPJ-000489;Empresa Sintética 0489;Plano Piloto;Setor Sintético Divergente, Q15, L070, Plano Piloto, DF;Setor Sintético D, Q10, L010, Plano Piloto, DF;ATIVA;ATIVA;17719.71;17719.71;territorial;0;1;0;media;1
CASE-0490;SYN-CNPJ-000490;Empresa Sintética 0490;Gama;Setor Sintético E, Q11, L011, Gama, DF;Setor Sintético E, Q11, L011, Gama, DF;ATIVA;ATIVA;14363.49;14363.49;consistente;0;0;0;nenhuma;0
CASE-0491;SYN-CNPJ-000491;Empresa Sintética 0491;Taguatinga;Setor Sintético Divergente, Q17, L002, Taguatinga, DF;Setor Sintético F, Q12, L012, Taguatinga, DF;BAIXADA;ATIVA;8887.46;6129.28;multiplas;1;1;1;alta;1
CASE-0492;SYN-CNPJ-000492;Empresa Sintética 0492;Taguatinga;Setor Sintético A, Q13, L013, Taguatinga, DF;Setor Sintético A, Q13, L013, Taguatinga, DF;ATIVA;ATIVA;22533.14;22533.14;consistente;0;0;0;nenhuma;0
CASE-0493;SYN-CNPJ-000493;Empresa Sintética 0493;Plano Piloto;Setor Sintético Divergente, Q19, L004, Plano Piloto, DF;Setor Sintético B, Q14, L014, Plano Piloto, DF;ATIVA;ATIVA;23254.78;23254.78;territorial;0;1;0;media;1
CASE-0494;SYN-CNPJ-000494;Empresa Sintética 0494;Águas Claras;Setor Sintético C, Q15, L015, Águas Claras, DF;Setor Sintético C, Q15, L015, Águas Claras, DF;ATIVA;ATIVA;18930.23;18930.23;consistente;0;0;0;nenhuma;0
CASE-0495;SYN-CNPJ-000495;Empresa Sintética 0495;Gama;Setor Sintético D, Q16, L016, Gama, DF;Setor Sintético D, Q16, L016, Gama, DF;ATIVA;ATIVA;5874.21;7832.28;valor;0;0;1;media;1
CASE-0496;SYN-CNPJ-000496;Empresa Sintética 0496;Gama;Setor Sintético Divergente, Q22, L007, Gama, DF;Setor Sintético E, Q17, L017, Gama, DF;ATIVA;ATIVA;9904.23;9904.23;territorial;0;1;0;media;1
CASE-0497;SYN-CNPJ-000497;Empresa Sintética 0497;Taguatinga;Setor Sintético F, Q18, L018, Taguatinga, DF;Setor Sintético F, Q18, L018, Taguatinga, DF;ATIVA;ATIVA;2541.78;1815.56;valor;0;0;1;media;1
CASE-0498;SYN-CNPJ-000498;Empresa Sintética 0498;Taguatinga;Setor Sintético A, Q19, L019, Taguatinga, DF;Setor Sintético A, Q19, L019, Taguatinga, DF;ATIVA;ATIVA;15326.63;15326.63;consistente;0;0;0;nenhuma;0
CASE-0499;SYN-CNPJ-000499;Empresa Sintética 0499;Gama;Setor Sintético Divergente, Q25, L010, Gama, DF;Setor Sintético B, Q20, L020, Gama, DF;ATIVA;ATIVA;1225.83;1225.83;territorial;0;1;0;media;1
CASE-0500;SYN-CNPJ-000500;Empresa Sintética 0500;Sobradinho;Setor Sintético C, Q21, L021, Sobradinho, DF;Setor Sintético C, Q21, L021, Sobradinho, DF;BAIXADA;BAIXADA;6089.39;6089.39;consistente;0;0;0;nenhuma;0
